state,market,question_no,question_text,option_no,title,subtitle,imageFile,imagePrompt,prefs,rich
cold,IN,01,What's your kind of escape?,1,Misty hills,"Coorg, coffee, cool air",cold_q01_o1.jpg,"Misty Coorg coffee-estate hillside at first light. Soft cool front light, low contrast, thin ground fog. Lower third: three rows of coffee shrubs with red cherries and a teak veranda rail holding one brass coffee tumbler with steam, on the left. Middle: terraced green slopes under fog. Upper area: blue layered ranges fading to pale dawn. Palette: deep emerald, silver-grey mist, warm amber, soft gold. Camera: eye-level, 35mm, deep focus, horizon on the lower third, clean misted negative space across the top.",travel|nature|calm,cat:travel|region:hills|vibe:calm|pace:slow
cold,IN,01,What's your kind of escape?,2,Beach shack,"Goa, sunsets, no rush",cold_q01_o2.jpg,"Goa beach shack at golden hour, warm low side light from the right, long soft shadows. Lower-left third: one low wooden table, two cane chairs, a split coconut. Middle: a palm-thatch canopy with two hanging lanterns. Upper area: flat turquoise sea meeting a tangerine sky, one small sailboat at the horizon. Palette: coral, tangerine, sand-beige, turquoise, rose. Camera: eye-level, 35mm, deep focus, horizon on the lower third, clean sky negative space top-right.",travel|beach|social,cat:travel|region:coast|vibe:social
cold,IN,01,What's your kind of escape?,3,City buzz,"City lights, street energy",cold_q01_o3.jpg,"Indian metro street at blue hour just after rain, mixed warm shopfront light and cool ambient, medium contrast, wet reflective ground. Lower third: a rain-slicked road reflecting amber and red light. Middle: two glowing café windows and three blurred auto-rickshaws in motion. Upper area: glass towers with scattered lit windows under indigo sky. Palette: indigo, warm amber, teal reflection, charcoal. Camera: eye-level, 35mm, deep focus, reflections leading to center, clean upper-sky negative space.",travel|city|lively,cat:travel|region:city|vibe:lively
cold,IN,01,What's your kind of escape?,4,Heritage trail,"Hampi, forts, old stories",cold_q01_o4.jpg,"Hampi granite ruins at sunset, hard warm low side light from the left, long shadows. Lower third: weathered stone steps and two carved rock fragments. Middle: one pillared stone pavilion and three balancing boulders. Upper-left: ochre rock hills, one small distant standing figure for scale. Palette: burnt ochre, terracotta, honey-gold, dusty rose. Camera: eye-level, 35mm, deep focus, ruins on the right third, clean warm-sky negative space on the left.",travel|culture|heritage,cat:travel|region:heritage|vibe:curious
cold,US,02,What's your kind of escape?,1,Mountain town,"Crisp air, slow pace",cold_q02_o1.jpg,"Small US mountain town, autumn morning, soft directional front light, low contrast. Lower third: a slate sidewalk with scattered red and gold maple leaves, one cast-iron lamppost, one wooden bench. Middle: a row of three storefronts with warm-lit windows and striped awnings. Upper area: pine slopes under a pale blue sky with thin mist. Palette: burnt orange, gold, forest green, slate, sky blue. Camera: eye-level, 35mm, deep focus, street receding to center, clean sky negative space top.",travel|mountains|calm,cat:travel|region:mountains|vibe:calm
cold,US,02,What's your kind of escape?,2,Beach town,"Coast, sun, easy days",cold_q02_o2.jpg,"US coastal beach-town boardwalk at golden hour, warm low light, soft hazy contrast. Lower third: weathered grey-blue planks and a railing with one gull. Middle: three pastel clapboard storefronts in mint, coral, and butter. Upper area: pale sand and a calm aqua ocean under a peach sky. Palette: pastel mint, coral, butter, aqua, warm sand. Camera: eye-level, 35mm, deep focus, boardwalk leading to the right, clean sky negative space top.",travel|beach|social,cat:travel|region:coast|vibe:social
cold,US,02,What's your kind of escape?,3,Big city,"City lights, late walks",cold_q02_o3.jpg,"US big-city street at night from walking level, mixed warm and cool light, high contrast, wet ground. Lower third: a glossy crosswalk reflecting white and amber light. Middle: three blurred yellow taxis and two pedestrian silhouettes, two glowing lobby windows. Upper area: tall lit skyscrapers under deep navy sky. Palette: deep navy, warm gold, steel-blue, white. Camera: eye-level, 35mm, deep focus, reflections leading to center, clean upper-sky negative space.",travel|city|lively,cat:travel|region:city|vibe:lively
cold,US,02,What's your kind of escape?,4,Open road,"Highway, freedom, detours",cold_q02_o4.jpg,"US desert highway at sunset, warm low backlight, long shadows, faint heat haze. Lower third: a cracked asphalt center line and dry golden brush at the verge. Middle: one distant car silhouette and one telephone pole. Upper area: layered red-rock mesas under a tangerine-to-violet sky. Palette: rust-red, golden ochre, dusty sage, tangerine, violet. Camera: eye-level, 24mm wide, deep focus, road as one-point perspective to center, vast sky negative space top.",travel|roadtrip|freedom,cat:travel|region:road|vibe:free
cold,IN,03,What does a perfect weekend look like?,1,Home-cooked lunch,"Family, slow, full table",cold_q03_o1.jpg,"Indian home-cooked Sunday lunch, midday, soft diffused window light from the left, low contrast. Lower-center: one brass-rimmed steel thali with five katoris of dal, sabzi, rice, two rotis, green chutney; two hands reaching from the right shown only as hands. Middle: a wooden table with a brass water jug. Upper-right: gauzy curtains glowing with daylight. Palette: turmeric yellow, tomato red, brass, cream, herb green. Camera: 45-degree overhead, 50mm, shallow focus, thali in lower-center, soft-lit negative space upper-right.",food|home|family,cat:food|vibe:social|aesthetic:warm
cold,IN,03,What does a perfect weekend look like?,2,Festive gathering,"People, colour, music",cold_q03_o2.jpg,"Indian festive home gathering, evening, warm tungsten and candle light, medium-low contrast. Lower-left: one brass tray with marigold petals and two small oil lamps, folded saffron silk. Middle: two strings of warm fairy lights and three soft human silhouettes mid-conversation. Upper area: a decorated archway in soft golden bokeh. Palette: saffron, magenta, marigold, warm gold, deep maroon. Camera: eye-level, 35mm, shallow focus, lamps lower-left, glowing bokeh negative space upper-right.",social|festival|lively,cat:culture|vibe:lively
cold,IN,03,What does a perfect weekend look like?,3,Hill-station getaway,"Cool escape, two days",cold_q03_o3.jpg,"Indian hill-station balcony, cool morning, soft overcast light, low contrast, drifting fog. Lower-left: a wooden balcony rail with two steaming tea cups and one folded shawl. Middle: a single winding road through tea slopes. Upper area: layered blue ranges with clouds between peaks. Palette: misty teal, pine green, slate-blue, warm cream. Camera: eye-level, 35mm, deep focus, balcony lower-left, deep misted negative space across the ranges.",travel|hills|calm,cat:travel|region:hills|vibe:calm
cold,IN,03,What does a perfect weekend look like?,4,Local rounds & chai,"Close by, unhurried",cold_q03_o4.jpg,"Indian neighbourhood morning, warm soft daylight, low contrast. Lower-right: a small roadside table with one cutting-chai glass and a folded newspaper. Middle: a quiet lane with one shuttered shopfront and a leaning bicycle, magenta bougainvillea on the wall. Upper area: soft-focus low buildings under a pale sky. Palette: warm beige, terracotta, magenta, leaf green, soft blue. Camera: eye-level, 35mm, shallow focus, table lower-right, calm sky negative space upper-left.",calm|local|routine,cat:home|pace:slow|vibe:calm
cold,US,04,What does a perfect weekend look like?,1,Backyard cookout,"Grill, friends, outside",cold_q04_o1.jpg,"US backyard cookout, golden afternoon, warm low side light, soft smoke haze. Lower-left: one grill with thin smoke and three vegetable skewers, a red-checked cloth on a picnic table with two platters. Middle: a wooden fence and two out-of-focus human silhouettes. Upper area: one string of warm lights under a soft blue sky. Palette: grass green, warm gold, charcoal, red, sky blue. Camera: eye-level, 35mm, shallow focus, grill lower-left, open sky negative space top-right.",home|cookout|social,cat:home|vibe:social
cold,US,04,What does a perfect weekend look like?,2,Game day,"The game, snacks, crew",cold_q04_o2.jpg,"US game-day living room, evening, warm tungsten plus cool screen glow, medium-low contrast. Lower third: a coffee table with one chip bowl, one dip dish, one popcorn tin, a plaid throw. Middle: two warm-lit human silhouettes facing a large TV showing abstract soft light. Upper-right: a lamp-lit wall with one shelf. Palette: warm amber, navy glow, cream, rust. Camera: eye-level, 35mm, shallow focus, snacks lower-third, soft-glow negative space upper-right.",sport|social|home,cat:sport|vibe:social
cold,US,04,What does a perfect weekend look like?,3,Road trip,"Pack up, hit the road",cold_q04_o3.jpg,"US road trip start, late afternoon, warm low light, soft flare. Lower-left: one packed canvas duffel, a paper map, sunglasses on a car hood. Middle: one dusty car on a gravel pullout. Upper-right: an open highway curving toward golden hills under a warm sky. Palette: warm gold, sage, denim blue, faded red, cream. Camera: eye-level, 35mm, deep focus, hood items lower-left, road-and-sky negative space upper-right.",travel|roadtrip|freedom,cat:travel|region:road|vibe:free
cold,US,04,What does a perfect weekend look like?,4,Slow day in,"Home, slow, nothing planned",cold_q04_o4.jpg,"US living room, slow weekend morning, soft diffused window light from the left, low contrast, faint dust in the air. Lower-left: a linen couch with a knit blanket, one steaming mug, one open book on an oak table. Middle: a sheer-curtained window casting one warm sunbeam on a wool rug. Upper-right: a shelf with two plants. Palette: warm cream, oatmeal, sage, honey oak, soft white. Camera: eye-level, 35mm, shallow focus, couch lower-left, sunlit negative space across the rug.",home|calm|leisure,cat:home|vibe:calm|pace:slow
cold,IN,05,Pick a table you'd pull up to,1,Street-food crawl,"Stalls, spice, buzz",cold_q05_o1.jpg,"Indian street-food lane, early evening, warm bulb light, medium contrast, fresh steam. Lower-left: one flat griddle of golden pav-bhaji and three small chutney bowls with rising steam. Middle: a stall with brass vessels and two hanging bulbs, soft crowd movement. Upper-right: warm-blurred lane lights under dusk sky. Palette: fried amber, chutney red and green, brass gold, dusk orange. Camera: eye-level, 35mm, shallow focus, griddle lower-left, glowing bokeh negative space upper-right.",food|street|lively,cat:food|vibe:lively
cold,IN,05,Pick a table you'd pull up to,2,Home thali,"Comfort, familiar, full",cold_q05_o2.jpg,"Indian home thali, afternoon, soft diffused daylight, low contrast. Lower-center: one steel thali with white rice, dal, green sabzi, red pickle, curd, one puffed roti; a copper tumbler on the right. Middle: a wooden table edge and a folded cotton napkin. Upper area: a softly blurred sunlit kitchen. Palette: turmeric, cream, leaf green, brick red, brushed steel. Camera: 45-degree overhead, 50mm, shallow focus, thali in lower-center, warm negative space upper area.",food|home|comfort,cat:food|aesthetic:cozy
cold,IN,05,Pick a table you'd pull up to,3,Somewhere new,"New flavours, a treat",cold_q05_o3.jpg,"Modern Indian restaurant table, evening, warm ambient low light, medium-low contrast. Lower-left: one slate plate with a small-plate composition, copper cutlery, one fresh bloom, one candle. Middle: a softly lit banquette and textured wall panel. Upper-right: a blurred dining room with pendant lights as gold bokeh. Palette: copper, deep teal, plum, cream, candle gold. Camera: eye-level, 50mm, shallow focus, plate lower-left, bokeh negative space upper-right.",food|restaurant|treat,cat:food|aspiration:dineout
cold,IN,05,Pick a table you'd pull up to,4,Chai & snacks,"Easy, evening, local",cold_q05_o4.jpg,"Indian balcony chai and snacks, evening, warm low light, medium-low contrast. Lower-left: one clear glass of masala chai and a plate of three samosas with green chutney, light steam. Middle: a railing with one potted tulsi. Upper-right: a soft-focus dusk cityscape with scattered warm lights. Palette: warm amber, fried gold, mint green, terracotta, dusk indigo. Camera: eye-level, 50mm, shallow focus, chai lower-left, glowing city bokeh negative space upper-right.",food|chai|casual,cat:food|vibe:calm
cold,US,06,Pick a table you'd pull up to,1,Classic diner,"Booths, comfort food",cold_q06_o1.jpg,"Classic American diner booth, afternoon, warm light with chrome highlights, medium contrast. Lower-right: one red vinyl bench and a chrome-edged table with a stacked pancake plate, berries, one ceramic coffee cup. Middle: a checkered floor and a chrome counter. Upper-left: softly blurred window light and two pendant lamps. Palette: cherry red, chrome silver, cream, butter yellow, soft teal. Camera: eye-level, 35mm, shallow focus, plate lower-right, warm window negative space upper-left.",food|diner|comfort,cat:food|aesthetic:cozy
cold,US,06,Pick a table you'd pull up to,2,Backyard grill,"Smoke, simple, outside",cold_q06_o2.jpg,"US backyard grill, golden evening, warm low side light, soft smoke haze. Lower-left: one cast-iron grill with charring corn and peppers, blue-grey smoke. Middle: a wooden picnic table with two platters and a striped cloth. Upper-right: leafy trees under a soft sunset sky. Palette: charcoal, ember orange, grass green, warm gold, peach. Camera: eye-level, 35mm, shallow focus, grill lower-left, hazy sky negative space upper-right.",food|grill|casual,cat:food|vibe:social
cold,US,06,Pick a table you'd pull up to,3,A dressed-up dinner,"Dressed up, a treat",cold_q06_o3.jpg,"Upscale US restaurant table, night, soft candle and tungsten light, medium-low contrast. Lower-left: one white plate with refined plating, polished silver, one taper candle on crisp linen. Middle: a leather banquette and one small vase of white blooms. Upper-right: a blurred dining room with golden pendant bokeh. Palette: ivory, espresso, gold, sage, candle amber. Camera: eye-level, 50mm, shallow focus, plate lower-left, bokeh negative space upper-right.",food|restaurant|treat,cat:food|aspiration:dineout
cold,US,06,Pick a table you'd pull up to,4,Coffee shop corner,"Café, slow, casual",cold_q06_o4.jpg,"US coffee-shop corner, daytime, warm window light, low contrast, faint haze. Lower-left: one ceramic latte with leaf art and an open notebook on an oak table. Middle: a soft armchair, one trailing pothos, a stack of three books. Upper-right: a sunlit window with street greenery in soft focus. Palette: honey oak, cream, latte caramel, leaf green, soft white. Camera: eye-level, 50mm, shallow focus, cup lower-left, bright window negative space upper-right.",food|cafe|coffee,cat:food|vibe:calm
cold,IN,07,Which celebration feels most like you?,1,Lights at home,"Warm, glowing, decorated",cold_q07_o1.jpg,"Indian home with festival lights, evening, warm flame light, medium-low contrast. Lower-left: a row of five brass diyas and a marigold-and-mango-leaf doorway garland. Middle: a console with saffron-and-rose rangoli. Upper-right: soft string lights in warm hallway bokeh. Palette: saffron, marigold, brass gold, rose, warm brown. Camera: eye-level, 35mm, shallow focus, diyas lower-left, glowing bokeh negative space upper-right.",festival|home|traditional,cat:culture|vibe:festive|aesthetic:warm
cold,IN,07,Which celebration feels most like you?,2,Colour & crowd,"Music, dance, energy",cold_q07_o2.jpg,"Indian celebration with motion, evening, warm light with colored accents, motion blur, medium contrast. Lower third: bright fabric and tossed flower petals mid-air. Middle: three soft human silhouettes dancing under colored lights. Upper area: a decorated venue in warm-and-magenta bokeh. Palette: magenta, saffron, electric blue, gold, rose. Camera: eye-level, 35mm, motion blur on subjects, wide framing, glowing negative space top.",festival|social|lively,cat:culture|vibe:lively
cold,IN,07,Which celebration feels most like you?,3,Quiet rituals,"Calm, tradition, meaning",cold_q07_o3.jpg,"Indian traditional celebration setting, dusk, warm low candlelight, low contrast. Lower-left: one low brass tray with arranged flowers, one small oil lamp, folded silk. Middle: a softly lit alcove with subtle patterns. Upper area: a warm-shadowed room. Palette: deep maroon, brass gold, jasmine white, sage, amber. Camera: eye-level, 50mm, shallow focus, tray lower-left, soft shadowed negative space upper area.",festival|calm|ritual,cat:culture|vibe:calm
cold,IN,07,Which celebration feels most like you?,4,Everyone together,"Big family, all together",cold_q07_o4.jpg,"Indian family festive gathering, evening, warm tungsten light, medium-low contrast. Lower third: a long table with shared dishes and three flickering tea-lights, two hands reaching shown only as hands. Middle: three warm-lit human silhouettes seen from behind under draped fairy lights. Upper area: a decorated wall in golden bokeh. Palette: warm gold, saffron, deep red, cream, amber. Camera: eye-level, 35mm, shallow focus, table lower-third, glowing bokeh negative space top.",festival|family|together,cat:culture|vibe:social
cold,IN,08,How do you follow the game?,1,Live at the ground,"Stadium, roar, live",cold_q08_o1.jpg,"Cricket stadium under floodlights, night, crisp white floodlight with warm crowd glow, high contrast. Lower third: a strip of bright green outfield and a blurred boundary rope. Middle: a vivid emerald pitch under four floodlight towers. Upper area: tiered stands with a sea of warm crowd lights. Palette: vivid emerald, floodlight white, warm amber, night blue. Camera: elevated wide, 24mm, deep focus, pitch on lower third, dark sky negative space top.",sport|live|fan,cat:sport|vibe:lively
cold,IN,08,How do you follow the game?,2,"Friends, snacks, shouting","Loud, lively, together",cold_q08_o2.jpg,"Friends watching cricket at home, evening, warm lamp plus cool screen glow, medium contrast. Lower third: a coffee table with one chip bowl and a steel snack tray, two hands raised shown only as hands. Middle: three human silhouettes facing a large TV showing abstract green-field light. Upper-right: a warm lamp-lit wall. Palette: warm amber, emerald glow, cream, rust. Camera: eye-level, 35mm, shallow focus, snacks lower-third, soft-glow negative space upper-right.",sport|social|lively,cat:sport|vibe:social
cold,IN,08,How do you follow the game?,3,"Sofa, family, easy","Together, relaxed",cold_q08_o3.jpg,"Indian family watching cricket on a sofa, evening, warm tungsten plus gentle screen glow, low contrast. Lower third: a sofa edge with one snack plate and a folded throw. Middle: three family members seen from behind facing a TV showing abstract light. Upper-right: a lamp-lit room with one shelf. Palette: warm caramel, soft green glow, cream, deep brown. Camera: eye-level, 35mm, shallow focus, sofa lower-third, warm negative space upper area.",sport|family|home,cat:sport|vibe:calm
cold,IN,08,How do you follow the game?,4,Stats & replays,"Analysis, numbers, replays",cold_q08_o4.jpg,"Cricket analysis still life, dusk, cool blue key light with a warm rim, medium-high contrast. Lower-left: sharply lit wooden stumps and one ball on textured turf. Middle: a soft-glowing board shape and two blurred screen shapes with no numbers. Upper-right: a dim stadium silhouette. Palette: slate-blue, pitch green, warm amber, charcoal. Camera: eye-level, 50mm, shallow focus, stumps lower-left, soft glowing negative space upper-right.",sport|deep|analysis,cat:sport|vibe:focused
cold,IN,09,What pulls you to the big screen?,1,Blockbusters,"Big, loud, spectacle",cold_q09_o1.jpg,"Cinema auditorium, dark, high-contrast beams of warm and cool light. Lower third: three rows of plush seats as dark silhouettes. Middle: a large screen abstracted into sweeping light beams with no imagery. Upper area: a dark ceiling with faint projector haze. Palette: deep black, electric blue, fiery orange, silver. Camera: eye-level from rear, 35mm, deep focus, screen glow centered, dark seat negative space foreground.",film|action|blockbuster,cat:entertainment|vibe:lively
cold,IN,09,What pulls you to the big screen?,2,Regional gems,"Local stories, heart",cold_q09_o2.jpg,"Indian small-town courtyard, golden hour, warm low side light, soft shadows. Lower-left: one wooden swing, one brass pot, scattered jasmine. Middle: one soft human silhouette in a doorway, weathered pastel walls. Upper-right: a narrow lane glowing amber. Palette: warm ochre, dusty pink, marigold, teal door, honey gold. Camera: eye-level, 35mm, shallow focus, courtyard lower-left, warm negative space upper-right.",film|regional|story,cat:entertainment|vibe:curious
cold,IN,09,What pulls you to the big screen?,3,Comedy & comfort,"Fun, easy laughs",cold_q09_o3.jpg,"Warm Indian home movie night, evening, warm bright light, low contrast. Lower-left: one bowl of buttered popcorn and two cushions on a couch. Middle: a TV showing abstract warm light and a plaid throw. Upper-right: a lamp-lit room. Palette: warm cream, butter yellow, soft coral, mint, amber. Camera: eye-level, 35mm, shallow focus, popcorn lower-left, soft-glow negative space upper-right.",film|comedy|fun,cat:entertainment|vibe:fun
cold,IN,09,What pulls you to the big screen?,4,Edge-of-seat stories,"Tense, gripping",cold_q09_o4.jpg,"Dim living room, night, single warm side lamp, high contrast, deep shadows. Lower-right: two hands gripping a dark blanket edge, no face in frame. Middle: one side lamp and a TV showing abstract cool light. Upper-left: deep shadow with subtle texture. Palette: charcoal, steel-blue, muted teal, one warm accent. Camera: eye-level, 50mm, shallow focus, hands lower-right, shadowed negative space upper-left.",film|drama|intense,cat:entertainment|vibe:focused
cold,IN,10,An unhurried Sunday is…,1,A walk & quiet,"Park, calm, fresh air",cold_q10_o1.jpg,"Indian park, calm Sunday morning, soft light filtered through leaves, low contrast, light dew. Lower-left: a winding stone path with dewy grass and one fallen frangipani blossom. Middle: tall shade trees with dappled light and one distant walker silhouette. Upper area: a green canopy under a pale-gold sky. Palette: fresh emerald, soft gold, dewy sage, pale blue. Camera: eye-level, 35mm, deep focus, path leading from lower-left, airy canopy negative space top.",calm|outdoor|slow,cat:outdoor|vibe:calm|pace:slow
cold,IN,10,An unhurried Sunday is…,2,Long family lunch,"Together, slow, full",cold_q10_o2.jpg,"Indian family lunch, midday, warm diffused daylight, low contrast. Lower-third: a spread of shared dishes in four brass and steel bowls, two hands serving shown only as hands. Middle: a wooden table and two woven chairs. Upper-right: a sunlit interior with one soft human silhouette. Palette: turmeric, brick red, brass gold, cream, leaf green. Camera: 45-degree overhead, 50mm, shallow focus, spread lower-third, soft-lit negative space upper-right.",food|family|together,cat:food|vibe:social
cold,IN,10,An unhurried Sunday is…,3,Market rounds,"Local, slow, sorted",cold_q10_o3.jpg,"Indian local market, morning, bright warm light, medium contrast. Lower-third: three woven baskets of glossy tomatoes, green chillies, oranges, and marigold strands. Middle: one vendor cart and two blurred shopper silhouettes. Upper area: a sunlit lane in warm haze. Palette: tomato red, chilli green, marigold orange, basket tan, warm gold. Camera: eye-level, 35mm, shallow focus, baskets lower-third, hazy lane negative space top.",home|local|routine,cat:home|pace:steady
cold,IN,10,An unhurried Sunday is…,4,Nap & nothing,"Rest, easy, home",cold_q10_o4.jpg,"Indian home afternoon, soft warm muted light, low contrast. Lower-left: a daybed with a rumpled cotton blanket and one cushion, warm light on the floor. Middle: gauzy curtains drifting. Upper-right: a shaded room with a slow ceiling fan. Palette: warm cream, soft terracotta, muted sage, honey. Camera: eye-level, 35mm, shallow focus, daybed lower-left, soft negative space across the floor.",calm|rest|home,cat:home|vibe:calm|pace:slow
cold,IN,11,How do you find calm?,1,A morning walk,"Fresh air, green",cold_q11_o1.jpg,"Indian green path, early morning, soft misty light, low contrast, low ground fog. Lower-left: dewy grass and a stone trail. Middle: tall trees with two sunray shafts and one faint distant walker. Upper area: a pale-gold glowing horizon. Palette: fresh green, silver mist, warm gold, soft blue. Camera: eye-level, 35mm, deep focus, trail from lower-left, glowing mist negative space top.",wellness|outdoor|calm,cat:wellness|vibe:calm|cat:outdoor
cold,IN,11,How do you find calm?,2,Yoga & stretch,"Breathe, move, ease",cold_q11_o2.jpg,"Yoga corner, morning, soft diffused daylight, low contrast. Lower-left: one rolled cotton mat, two cork blocks, a folded linen throw on warm wood. Middle: a low window casting one clean light band on the floor and one trailing plant. Upper-right: an uncluttered wall with soft shadow. Palette: warm oat, sage, terracotta, soft white. Camera: eye-level, 35mm, shallow focus, mat lower-left, calm light negative space upper-right.",wellness|yoga|mindful,cat:wellness|vibe:calm|pace:slow
cold,IN,11,How do you find calm?,3,Music in the quiet,"Sound, stillness",cold_q11_o3.jpg,"Listening corner, dusk, warm low lamp light, medium-low contrast. Lower-left: one pair of over-ear headphones on a knit chair beside one lamp. Middle: one record player and a stack of three records. Upper-right: a softly shadowed wall. Palette: warm amber, deep teal, charcoal, cream. Camera: eye-level, 50mm, shallow focus, chair lower-left, shadowed negative space upper-right.",wellness|music|calm,cat:wellness|vibe:calm
cold,IN,11,How do you find calm?,4,Easy time with people,"Connection, ease",cold_q11_o4.jpg,"Friends at home, evening, warm tungsten glow, low contrast. Lower-third: a low table with two tea cups, a snack plate, one candle. Middle: three soft human silhouettes in conversation on floor cushions. Upper area: a lamp-lit room with two plants. Palette: warm amber, terracotta, sage, cream. Camera: eye-level, 35mm, shallow focus, table lower-third, warm negative space upper area.",wellness|social|together,cat:wellness|vibe:social
cold,US,12,Where's the road taking you?,1,Open highway,"Highway, freedom, detours",cold_q12_o1.jpg,"US open highway, sunset, warm low backlight, long shadows. Lower third: crisp lane lines and dry golden grass at the verge. Middle: an empty road dipping over a low rise. Upper area: distant blue-violet hills under a tangerine-to-rose sky. Palette: rust-gold, sage, tangerine, violet, cream. Camera: eye-level, 24mm wide, deep focus, road as one-point perspective to center, vast sky negative space top.",travel|roadtrip|freedom,cat:travel|region:road|vibe:free
cold,US,12,Where's the road taking you?,2,National parks,"Wild, vast, outdoors",cold_q12_o2.jpg,"US national park, midday, clear directional sunlight, medium contrast. Lower third: a rocky trail with wildflowers and one weathered boulder. Middle: a canyon with red-and-amber strata and pine clusters, two tiny distant hikers for scale. Upper area: blue ridge silhouettes under a bright sky with soft clouds. Palette: canyon rust, pine green, sandstone gold, sky blue. Camera: eye-level, 24mm wide, deep focus, canyon panoramic, open sky negative space top.",travel|nature|parks,cat:travel|cat:outdoor|region:parks
cold,US,12,Where's the road taking you?,3,Coastal drive,"Ocean, cliffs, scenic",cold_q12_o3.jpg,"US coastal highway, golden hour, warm low light, sparkling water highlights. Lower-left: a guardrail and wind-bent coastal grass. Middle: a winding road with one small car silhouette on the cliff. Upper-right: a blue-green ocean meeting a peach sky with sea haze. Palette: ocean teal, cliff sage, warm gold, soft peach. Camera: eye-level, 35mm, deep focus, road sweeping from lower-left, ocean negative space upper-right.",travel|coast|scenic,cat:travel|region:coast|vibe:scenic
cold,US,12,Where's the road taking you?,4,Mountain town,"Crisp, cozy, slow",cold_q12_o4.jpg,"US mountain town, dusk, warm window glow against cool twilight, medium contrast. Lower-left: a wooden footbridge over a clear stream with floating autumn leaves. Middle: three cabins with warm-lit windows and one chimney with light smoke. Upper area: dark pine ridges under a deep blue twilight with first stars. Palette: pine green, warm amber, slate blue, ember orange. Camera: eye-level, 35mm, deep focus, bridge lower-left, twilight sky negative space top.",travel|mountains|cozy,cat:travel|region:mountains|vibe:calm
cold,US,13,Which corner of home needs a little love?,1,Kitchen,"Cook, gather, the heart of home",cold_q13_o1.jpg,"US kitchen mid-refresh, morning, soft bright daylight, low contrast. Lower-third: a clean marble-look counter with one wooden board, fresh herbs, one copper pan. Middle: matte cabinets and one open shelf of ceramics. Upper-right: a sunlit window with one leafy plant. Palette: warm white, sage, honey wood, copper, green. Camera: eye-level, 35mm, shallow focus, counter lower-third, bright window negative space upper-right.",home|kitchen|reno,cat:home|aesthetic:functional
cold,US,13,Which corner of home needs a little love?,2,Outdoor space,"Patio, green, air",cold_q13_o2.jpg,"US backyard patio, sunny afternoon, soft warm daylight, low contrast. Lower-left: one woven outdoor sofa with linen cushions and a potted fern. Middle: a low wooden table with one lantern and trailing plants on a deck. Upper-right: a leafy garden fence and a warm sky. Palette: teak, sage, cream linen, terracotta, sky blue. Camera: eye-level, 35mm, shallow focus, sofa lower-left, sky negative space upper-right.",home|outdoor|garden,cat:home|cat:outdoor
cold,US,13,Which corner of home needs a little love?,3,Cozy nook,"Read, relax, retreat",cold_q13_o3.jpg,"US reading nook, daytime, warm window light, low contrast. Lower-right: a cushioned bench with a knit throw, a stack of three books, one steaming mug. Middle: a wooden side table with one brass lamp and one trailing plant. Upper-left: a softly lit textured wall. Palette: warm cream, mustard, sage, honey wood, soft white. Camera: eye-level, 35mm, shallow focus, bench lower-right, soft wall negative space upper-left.",home|cozy|decor,cat:home|aesthetic:cozy
cold,US,13,Which corner of home needs a little love?,4,Full refresh,Whole new look,cold_q13_o4.jpg,"US living-room makeover, daytime, bright daylight, low contrast. Lower-left: fabric swatches and paint chips fanned on a rug beside one fresh armchair. Middle: a sofa with new cushions and one floor lamp. Upper-right: a sunlit sheer-curtained window. Palette: soft white, blush, sage, walnut, brass. Camera: eye-level, 35mm, shallow focus, swatches lower-left, bright window negative space upper-right.",home|design|makeover,cat:home|aspiration:makeover
cold,US,14,"When the air turns crisp, you're into…",1,Crisp outdoor walks,"Leaves, cool air",cold_q14_o1.jpg,"US autumn park path, crisp morning, soft low sun, low contrast. Lower-left: a sidewalk with crimson and gold maple leaves and one fallen acorn. Middle: bare-branching trees and one distant scarf-wrapped walker silhouette. Upper area: golden woodland under a pale cool sky. Palette: crimson, amber, gold, slate, pale blue. Camera: eye-level, 35mm, deep focus, path from lower-left, pale sky negative space top.",outdoor|seasonal|calm,cat:outdoor|vibe:calm|season:fall
cold,US,14,"When the air turns crisp, you're into…",2,Baking & warmth,"Oven, spice, home",cold_q14_o2.jpg,"Kitchen baking, autumn afternoon, warm oven glow plus soft daylight, low contrast. Lower-third: a floured wooden board with one rolling pin, three cinnamon sticks, a tray of golden cookies. Middle: an oven with soft glow and one steaming kettle. Upper-right: a window with soft grey daylight. Palette: golden brown, cinnamon, cream, warm amber, soft grey. Camera: 45-degree overhead, 50mm, shallow focus, board lower-third, soft window negative space upper-right.",home|baking|cozy,cat:food|aesthetic:cozy
cold,US,14,"When the air turns crisp, you're into…",3,Movie marathons,"Couch, blanket, binge",cold_q14_o3.jpg,"US living room movie night, evening, warm lamp plus gentle screen glow, low contrast. Lower-left: a deep couch with a knit blanket and one popcorn bowl. Middle: a TV showing abstract warm light and a low table with two mugs. Upper-right: a dim lamp-lit room with one plant. Palette: warm amber, deep teal glow, cream, rust. Camera: eye-level, 35mm, shallow focus, couch lower-left, glow negative space upper-right.",entertainment|home|leisure,cat:entertainment|vibe:calm
cold,US,14,"When the air turns crisp, you're into…",4,Holiday everything,"Lights, festive, warm",cold_q14_o4.jpg,"US home decorated for winter holidays, evening, warm interior glow against cool dusk, medium-low contrast. Lower-third: a mantel with soft greenery, one string of warm lights, three ornaments. Middle: a glowing room with one lit tree silhouette and two stockings. Upper-right: a frosted window with cool blue evening light. Palette: pine green, warm gold, deep red, cream, cool blue. Camera: eye-level, 35mm, shallow focus, mantel lower-third, cool window negative space upper-right.",home|holiday|festive,cat:home|vibe:festive|season:holiday
cold,US,15,"If you treated yourself, it'd be…",1,A great meal out,"Dinner, dressed up",cold_q15_o1.jpg,"Upscale US restaurant dinner, night, soft candle and tungsten light, medium-low contrast. Lower-left: one plate with refined plating, polished silver, one taper candle on crisp linen. Middle: a leather banquette and one white floral arrangement. Upper-right: a blurred dining room with golden pendant bokeh. Palette: ivory, espresso, gold, sage, candle amber. Camera: eye-level, 50mm, shallow focus, plate lower-left, bokeh negative space upper-right.",food|treat|dineout,cat:food|aspiration:dineout
cold,US,15,"If you treated yourself, it'd be…",2,A weekend away,"Getaway, reset",cold_q15_o2.jpg,"Boutique US getaway room, golden morning, soft warm light, low contrast. Lower-third: crisp white bed linens with a folded throw and one open travel bag. Middle: a cozy armchair by a large window. Upper-right: a scenic mountain view glowing in warm light. Palette: warm white, oatmeal, sage, honey wood, golden view. Camera: eye-level, 35mm, shallow focus, bed lower-third, glowing window negative space upper-right.",travel|treat|getaway,cat:travel|aspiration:getaway
cold,US,15,"If you treated yourself, it'd be…",3,Gear that lasts,"Built well, used often",cold_q15_o3.jpg,"Travel-gear flat-lay, warm directional side light, medium contrast. Lower-third: one leather notebook, matte headphones, one compact camera, one canvas backpack on warm wood. Middle: a soft cast shadow and one small plant. Upper area: a clean blurred wall. Palette: tan leather, charcoal, brass, warm wood, cream. Camera: 45-degree overhead, 50mm, shallow focus, gear lower-third, clean negative space upper area.",tech|gear|upgrade,cat:tech|aspiration:gear
cold,US,15,"If you treated yourself, it'd be…",4,A live show,"Stage, lights, live energy",cold_q15_o4.jpg,"Intimate live-show venue, night, dramatic stage lighting with haze, high contrast. Lower-third: a warm crowd glow and three raised-hand silhouettes. Middle: a stage in magenta and blue light through haze, instruments in silhouette. Upper area: a dark hall with two light beams. Palette: magenta, electric blue, warm amber, deep black. Camera: eye-level, 35mm, deep focus, stage centered, dark negative space top.",entertainment|live|experience,cat:entertainment|aspiration:live
cold,US,16,Your kind of evening out is…,1,Live music,"Stage, sound, crowd",cold_q16_o1.jpg,"Small live-music venue, night, warm stage light with cool accents, medium-high contrast, light haze. Lower-third: a warm-lit table edge and two audience silhouettes. Middle: a low stage with instruments in silhouette under amber and teal light. Upper area: a dark room with string-light bokeh. Palette: amber, teal, deep plum, warm gold. Camera: eye-level, 35mm, deep focus, stage centered low, dark bokeh negative space top.",social|music|live,cat:entertainment|vibe:lively
cold,US,16,Your kind of evening out is…,2,Game-day spot,"Game, snacks, crew",cold_q16_o2.jpg,"US game-day venue, evening, warm tungsten plus cool screen glow, medium contrast. Lower-third: a table with one snack platter and two soda glasses. Middle: three human silhouettes facing screens showing abstract soft glow. Upper area: a warm-lit room with two pendant lights. Palette: warm amber, cool blue glow, cream, rust. Camera: eye-level, 35mm, shallow focus, table lower-third, warm-glow negative space top.",social|sport|nightlife,cat:sport|vibe:lively
cold,US,16,Your kind of evening out is…,3,Dinner with friends,"Table, talk, slow",cold_q16_o3.jpg,"US restaurant dinner with friends, evening, warm ambient light, low contrast. Lower-third: a shared table with two platters, two hands reaching shown only as hands. Middle: a booth under two pendant lights with two back-facing human silhouettes. Upper area: a blurred dining room with golden bokeh. Palette: warm gold, terracotta, cream, sage, amber. Camera: eye-level, 35mm, shallow focus, table lower-third, bokeh negative space top.",social|food|together,cat:food|vibe:social
cold,US,16,Your kind of evening out is…,4,Low-key & local,"Easy, near home",cold_q16_o4.jpg,"Neighborhood café, night, warm low window glow, medium-low contrast. Lower-left: a corner table with one warm drink and one tealight by a glowing window. Middle: soft seating and two muted silhouettes. Upper-right: a quiet street with warm streetlight bokeh. Palette: warm amber, deep navy, cream, soft gold. Camera: eye-level, 50mm, shallow focus, table lower-left, night-street negative space upper-right.",social|local|calm,cat:social|vibe:calm
cold,IN,17,Which landscape calls you?,1,Blue mountains,"Nilgiris, tea, mist",cold_q17_o1.jpg,"Nilgiri tea estates, dawn, soft cool light with a warm edge, low contrast, mist. Lower-left: two rows of glossy tea bushes with dew. Middle: rolling estate slopes in silver fog. Upper area: layered blue ranges fading to pale haze. Palette: deep tea green, silver-blue mist, soft gold, slate. Camera: eye-level, 35mm, deep focus, tea rows from lower-left, misted negative space top.",travel|nature|calm,cat:travel|region:hills|vibe:calm
cold,IN,17,Which landscape calls you?,2,Island calm,"Andaman, clear water",cold_q17_o2.jpg,"Andaman island shore, midday, bright clean light, medium contrast. Lower-third: pale sand with one shell and a palm shadow. Middle: clear turquoise shallows. Upper area: a thin green island line under a bright sky. Palette: turquoise, aqua, soft sand, palm green, sky blue. Camera: eye-level, 24mm wide, deep focus, shoreline lower-third, bright sky negative space top.",travel|beach|calm,cat:travel|region:coast|vibe:calm
cold,IN,17,Which landscape calls you?,3,River rituals,"Rishikesh, ghats, calm",cold_q17_o3.jpg,"Rishikesh riverside ghats at a distance, dawn, soft cool light with warm horizon, low contrast, light mist. Lower-left: smooth stone steps and two small unlit lamps. Middle: a calm glassy river reflecting a pastel sky. Upper area: misty forested foothills. Palette: pale gold, river teal, soft grey-blue, warm sand. Camera: eye-level, 35mm, deep focus, ghats lower-left, misted river negative space upper-right.",travel|wellness|spiritual,cat:travel|cat:wellness|vibe:calm
cold,IN,17,Which landscape calls you?,4,Desert & salt,"Kutch, white sands",cold_q17_o4.jpg,"Rann of Kutch salt desert, sunset, soft low light with reflective glow, low contrast. Lower area: cracked white salt-flat texture. Middle: a thin mirror of water reflecting the sky with one tiny distant silhouette for scale. Upper-third: a flat horizon glowing pink-and-gold. Palette: salt white, pastel pink, lavender, soft gold, pale blue. Camera: eye-level, 24mm wide, deep focus, horizon on the upper third, vast reflective negative space below.",travel|culture|explore,cat:travel|region:heritage|vibe:curious
cold,US,18,Which retreat feels right?,1,Desert calm,"Canyons, big sky",cold_q18_o1.jpg,"US Southwest desert canyon, sunset, hard warm raking light, long shadows. Lower-right: layered red-rock ledges with dry sage brush. Middle: a deep carved canyon in amber light. Upper-left: distant mesas under a violet-and-rose sky. Palette: rust-red, amber, dusty sage, violet, gold. Camera: eye-level, 24mm wide, deep focus, canyon on the right, open sky negative space upper-left.",travel|nature|calm,cat:travel|region:desert|vibe:calm
cold,US,18,Which retreat feels right?,2,Lake cabin,"Water, pines, quiet",cold_q18_o2.jpg,"US lake cabin among pines, morning, soft cool light with warm window glow, low contrast, low mist. Lower-left: a weathered wooden dock with a coiled rope and one mug. Middle: still water mirroring tall pines. Upper-right: a log cabin with one glowing window. Palette: pine green, slate-blue water, warm amber, soft grey mist. Camera: eye-level, 35mm, deep focus, dock lower-left, misted water negative space upper-right.",travel|nature|cozy,cat:travel|region:lake|vibe:calm
cold,US,18,Which retreat feels right?,3,Vineyard hills,"Hills, vines, slow",cold_q18_o3.jpg,"Vineyard hills, golden hour, warm low light, soft glow. Lower-left: curving rows of leafy vines on warm soil. Middle: a rustic stone terrace with one wooden table under a trellis. Upper-right: amber hills under a hazy gold sky. Palette: vine green, golden ochre, terracotta, warm cream, amber. Camera: eye-level, 35mm, deep focus, vines sweeping from lower-left, hazy sky negative space upper-right.",travel|leisure|scenic,cat:travel|vibe:scenic|aspiration:leisure
cold,US,18,Which retreat feels right?,4,Ski town,"Snow, slopes, cozy",cold_q18_o4.jpg,"US ski town, dusk, warm window glow against cool snow, medium contrast. Lower-left: crisp snow with ski tracks and one pair of leaning skis. Middle: a timber lodge with warm-lit windows and one chimney with light smoke. Upper area: dark pine slopes under deep blue twilight. Palette: snow white, cool blue, pine green, warm amber, ember orange. Camera: eye-level, 35mm, deep focus, lodge lower-right, twilight sky negative space top.",travel|mountains|active,cat:travel|region:mountains|vibe:active
cold,IN,19,What would you do with a free weekend?,1,A good trek,"Trail, climb, view",cold_q19_o1.jpg,"Western Ghats trekking trail, misty morning, soft cool light with a warm edge, low contrast. Lower-left: a rocky path with wet ferns and wildflowers. Middle: a green ridge dropping into a cloud-filled valley with two tiny distant trekkers. Upper area: layered blue peaks under a pearl sky. Palette: emerald, mossy green, silver mist, soft gold, slate-blue. Camera: eye-level, 24mm wide, deep focus, trail from lower-left, misted valley negative space top.",outdoor|trek|active,cat:outdoor|vibe:active
cold,IN,19,What would you do with a free weekend?,2,Play a sport,"Game, sweat, fun",cold_q19_o2.jpg,"Indian park cricket game, golden hour, warm low side light, long shadows. Lower-third: one worn ball and improvised brick wickets on dusty ground. Middle: three players as energetic silhouettes mid-play. Upper area: palm trees and low buildings in soft focus. Palette: dusty gold, grass green, terracotta, amber. Camera: eye-level, 35mm, shallow focus, play lower-third, warm sky negative space top.",sport|active|social,cat:sport|vibe:active
cold,IN,19,What would you do with a free weekend?,3,Help out,"Volunteer, community",cold_q19_o3.jpg,"Community volunteering scene, daytime, soft warm daylight, low contrast. Lower-third: two hands arranging boxes of fresh produce and stacked supplies on a table. Middle: three soft human silhouettes working under a tent. Upper area: leafy surroundings in warm light. Palette: warm earth tones, leaf green, kraft brown, soft gold, cream. Camera: eye-level, 35mm, shallow focus, hands lower-third, leafy negative space top.",social|community|purpose,cat:social|vibe:purposeful
cold,IN,19,What would you do with a free weekend?,4,Explore the city,"Walk, discover",cold_q19_o4.jpg,"Indian city lanes, soft morning light, low contrast, warm haze. Lower-left: a peeling pastel wall with one flowering creeper. Middle: a narrow lane with two plain shopfronts and a leaning cycle. Upper area: two blurred pedestrians and warm haze. Palette: faded blue, ochre, magenta, warm stone, soft green. Camera: eye-level, 35mm, deep focus, lane from lower-left, hazy negative space top.",city|explore|curious,cat:travel|region:city|vibe:curious
cold,US,20,What would you do with a free weekend?,1,Hit the trail,"Hike, views, air",cold_q20_o1.jpg,"US mountain hiking trail, daytime, clear directional sunlight, medium contrast. Lower-left: trail stones and one worn boot mid-step among wild lupine. Middle: a green ridge opening to a valley. Upper area: distant blue peaks under a bright sky with soft clouds. Palette: meadow green, granite grey, lupine purple, sky blue, warm gold. Camera: eye-level, 24mm wide, deep focus, trail from lower-left, open sky negative space top.",outdoor|hike|active,cat:outdoor|vibe:active
cold,US,20,What would you do with a free weekend?,2,Farmers market,"Fresh, local, slow",cold_q20_o2.jpg,"US farmers market, morning, warm golden light, medium contrast. Lower-third: three wooden crates of tomatoes, peaches, and sunflowers. Middle: two canvas-tent stalls and two blurred shopper silhouettes. Upper area: tall trees with morning sun rays. Palette: tomato red, peach, sunflower yellow, canvas tan, leaf green. Camera: eye-level, 35mm, shallow focus, crates lower-third, sunlit negative space top.",local|food|leisure,cat:food|vibe:calm
cold,US,20,What would you do with a free weekend?,3,DIY project,"Build, fix, make",cold_q20_o3.jpg,"US garage DIY project, daytime, warm directional daylight, medium contrast, light sawdust haze. Lower-third: fresh-cut wood, one tape measure, two brushes, a half-built planter on a workbench. Middle: a row of hung tools. Upper-right: an open garage door framing a sunny yard. Palette: raw wood tan, steel grey, warm gold, denim blue, sage. Camera: eye-level, 35mm, shallow focus, bench lower-third, sunlit doorway negative space upper-right.",home|diy|creative,cat:home|vibe:focused
cold,US,20,What would you do with a free weekend?,4,Day trip,"Drive, explore, back",cold_q20_o4.jpg,"US small-town day trip, late afternoon, warm low light, long shadows. Lower-left: one parked car beside a tree-lined street. Middle: three storefronts with striped awnings and flower boxes. Upper area: low hills under a soft warm sky. Palette: warm brick, sage, cream, gold, soft blue. Camera: eye-level, 35mm, deep focus, street from lower-left, warm sky negative space top.",travel|daytrip|explore,cat:travel|vibe:curious
cold,IN,21,What are you craving?,1,Festive feast,"Big, special, shared",cold_q21_o1.jpg,"Indian festive feast, warm celebration light, medium-low contrast. Lower-third: one banana-leaf platter with four colorful curries, rice, two sweets, garnish. Middle: a row of three serving bowls and two small lamps. Upper area: a warm glow with soft bokeh. Palette: saffron, deep red, turmeric, brass gold, leaf green. Camera: 45-degree overhead, 50mm, shallow focus, platter lower-third, glowing bokeh negative space top.",food|festive|family,cat:food|vibe:social
cold,IN,21,What are you craving?,2,Tiffin classics,"Simple, daily, loved",cold_q21_o2.jpg,"Indian tiffin classics, morning, soft diffused daylight, low contrast. Lower-center: one steel plate with three idlis, one golden dosa, two chutneys, a tumbler of filter coffee. Middle: a simple table and one steel server. Upper area: a softly blurred warm kitchen. Palette: cream white, golden dosa, coconut white, chutney red and green, steel. Camera: 45-degree overhead, 50mm, shallow focus, plate lower-center, warm negative space upper area.",food|home|comfort,cat:food|aesthetic:cozy
cold,IN,21,What are you craving?,3,Dessert run,"Sweet, indulgent",cold_q21_o3.jpg,"Indian sweets display, warm light, medium-low contrast. Lower-third: one tray of golden jalebi, three gulab jamun, two pieces of silver-leaf barfi. Middle: brass trays and a soft warm spotlight. Upper area: a gently blurred warm interior. Palette: golden amber, rose, pistachio green, silver, warm brown. Camera: eye-level, 50mm, shallow focus, sweets lower-third, warm negative space top.",food|dessert|treat,cat:food|aspiration:treat
cold,IN,21,What are you craving?,4,Late-night bite,"Midnight, craving",cold_q21_o4.jpg,"Indian late-night food stall, night, warm bulb light against dark, medium contrast, light steam. Lower-left: a griddle with golden snacks and rising steam under two hanging bulbs. Middle: a tidy stall with stacked plates and two warm-lit silhouettes. Upper-right: a calm street with soft warm bokeh. Palette: amber, golden-fried, warm red, deep night blue, brass. Camera: eye-level, 50mm, shallow focus, griddle lower-left, glowing bokeh negative space upper-right.",food|street|latenight,cat:food|vibe:lively
cold,US,22,What are you craving?,1,Weekend brunch,"Eggs, coffee, slow",cold_q22_o1.jpg,"US weekend brunch, morning, warm sunny window light, low contrast. Lower-left: one plate of eggs, golden toast, berries, and a latte with leaf art. Middle: a fruit bowl and one small vase of daisies. Upper-right: a bright window with soft greenery. Palette: butter yellow, berry red, cream, latte caramel, fresh green. Camera: 45-degree overhead, 50mm, shallow focus, plate lower-left, bright window negative space upper-right.",food|brunch|leisure,cat:food|vibe:calm
cold,US,22,What are you craving?,2,Food truck finds,"Street, quick, bold",cold_q22_o2.jpg,"US food-truck scene, golden hour, warm low light, medium contrast. Lower-left: one paper tray of loaded tacos with bright garnish. Middle: a vintage food truck with a plain serving window and two crowd silhouettes. Upper-right: one string of warm lights and a soft sunset sky. Palette: corn yellow, salsa red, lime green, teal, warm gold. Camera: eye-level, 35mm, shallow focus, tray lower-left, warm sky negative space upper-right.",food|streetfood|casual,cat:food|vibe:lively
cold,US,22,What are you craving?,3,A special dinner,"Hearty, polished, a treat",cold_q22_o3.jpg,"US special dinner, warm restaurant light, medium-low contrast. Lower-left: one hearty plated dish with garnish and polished cutlery on linen. Middle: one candle and a small floral accent. Upper-right: a softly blurred dining room with golden bokeh. Palette: ivory, deep red, gold, sage, amber. Camera: eye-level, 50mm, shallow focus, plate lower-left, bokeh negative space upper-right.",food|restaurant|treat,cat:food|aspiration:dineout
cold,US,22,What are you craving?,4,Late-night bite,"Diner, midnight",cold_q22_o4.jpg,"US late-night diner, midnight, warm interior glow against deep night, medium contrast. Lower-right: a booth table with comfort food and one milkshake under chrome trim. Middle: a warm interior with a glowing counter. Upper-left: a dark quiet street through the window. Palette: warm amber, chrome silver, cherry red, cream, deep blue. Camera: eye-level, 35mm, shallow focus, booth lower-right, night-window negative space upper-left.",food|diner|latenight,cat:food|aesthetic:cozy
cold,IN,23,Which celebration feels most like you?,1,Harvest joy,"Fields, food, thanks",cold_q23_o1.jpg,"Indian harvest celebration, golden hour, warm low light, long shadows. Lower-third: two woven baskets of grain, sugarcane, and marigold garlands. Middle: three decorated earthen pots and two distant silhouettes in fields. Upper area: sunlit golden fields under a warm sky. Palette: wheat gold, marigold orange, earth brown, leaf green, amber. Camera: eye-level, 35mm, deep focus, baskets lower-third, golden field negative space top.",festival|harvest|traditional,cat:culture|vibe:festive
cold,IN,23,Which celebration feels most like you?,2,Lights everywhere,"Lamps, glow, night",cold_q23_o2.jpg,"Indian festival of lights, night, warm flame light, medium-low contrast. Lower-left: a doorway lined with six glowing oil lamps and a vivid rangoli. Middle: a home facade with one string of warm lights. Upper-right: a glowing street with warm bokeh. Palette: marigold, saffron, warm gold, rose, deep night blue. Camera: eye-level, 35mm, shallow focus, lamps lower-left, warm bokeh negative space upper-right.",festival|lights|home,cat:culture|aesthetic:warm
cold,IN,23,Which celebration feels most like you?,3,Colour & water,"Play, splash, fun",cold_q23_o3.jpg,"Indian color festival, daytime, bright playful light, motion blur, medium contrast. Lower-third: bursts of pink, yellow, and blue powder mid-air and one water splash. Middle: three figures blurred and seen from behind. Upper area: a sunlit courtyard in soft haze. Palette: hot pink, marigold, sky blue, green, white. Camera: eye-level, 35mm, motion blur on subjects, bursts lower-third, hazy negative space top.",festival|colour|lively,cat:culture|vibe:lively
cold,IN,23,Which celebration feels most like you?,4,Coastal celebration,"Boats, drums, sea",cold_q23_o4.jpg,"South Indian coastal celebration, dusk, warm low light with sea glow, medium-low contrast. Lower-left: two decorated wooden boats and one drum in silhouette on sand. Middle: three warm-lit silhouettes and festive garlands. Upper area: a calm sea under a warm dusk sky. Palette: warm amber, teal sea, marigold, deep blue, gold. Camera: eye-level, 35mm, deep focus, boats lower-left, dusk-sea negative space top.",festival|regional|coastal,cat:culture|region:coast
cold,IN,24,How do you like your cricket?,1,T20 thrills,"Fast, big hits",cold_q24_o1.jpg,"T20 cricket night match under floodlights, crisp floodlight with warm crowd glow, high contrast. Lower-third: a strip of bright outfield and a blurred boundary. Middle: a glowing emerald pitch with players at wide angle. Upper area: tiered stands with warm crowd light. Palette: vivid emerald, floodlight white, warm amber, night blue. Camera: elevated wide, 24mm, deep focus, pitch on lower third, dark sky negative space top.",sport|t20|lively,cat:sport|vibe:lively
cold,IN,24,How do you like your cricket?,2,Test match calm,"Slow, classic",cold_q24_o2.jpg,"Day Test cricket on a green ground, afternoon, warm even daylight, low contrast. Lower-third: a manicured turf edge and a white boundary line. Middle: three white-clad players as small distant figures. Upper area: a calm pavilion and leafy trees under a soft sky. Palette: cricket green, cream white, soft blue, warm gold. Camera: elevated wide, 24mm, deep focus, ground panoramic, soft sky negative space top.",sport|test|classic,cat:sport|vibe:focused
cold,IN,24,How do you like your cricket?,3,Gully cricket,"Street, fun, local",cold_q24_o3.jpg,"Indian gully cricket in a lane, golden hour, warm low side light, long shadows. Lower-third: a chalk crease and one improvised brick wicket. Middle: three young players as energetic silhouettes mid-play. Upper area: pastel lane walls and hanging laundry in soft focus. Palette: dusty gold, faded pastel, terracotta, amber. Camera: eye-level, 35mm, shallow focus, play lower-third, warm lane negative space top.",sport|street|social,cat:sport|vibe:social
cold,IN,24,How do you like your cricket?,4,Stats & analysis,"Numbers, replays, deep dive",cold_q24_o4.jpg,"Cricket analysis still life, dusk, cool key light with a warm rim, medium-high contrast. Lower-left: sharply lit stumps and one ball on textured turf. Middle: a soft-glowing board shape and two blurred screen shapes with no numbers. Upper-right: a dim stadium silhouette. Palette: slate-blue, pitch green, warm amber, charcoal. Camera: eye-level, 50mm, shallow focus, stumps lower-left, soft glow negative space upper-right.",sport|stats|analysis,cat:sport|vibe:focused
cold,IN,25,A perfect lazy day is…,1,Monsoon & chai,"Rain, window, warm",cold_q25_o1.jpg,"Indian monsoon afternoon by a window, soft cool grey daylight with warm interior glow, low contrast, rain on glass. Lower-left: rain streaking a glass pane beside one hot chai and a plate of three pakoras on a sill. Middle: soft curtains and one cushioned seat. Upper-right: a grey rain-soaked street with blurred green trees. Palette: rain grey, warm amber, fried gold, green, cream. Camera: eye-level, 50mm, shallow focus, sill lower-left, rainy-window negative space upper-right.",calm|monsoon|cozy,vibe:calm|season:monsoon|aesthetic:cozy
cold,IN,25,A perfect lazy day is…,2,Winter sun,"Terrace, warmth",cold_q25_o2.jpg,"Indian winter terrace morning, warm low golden sun, low contrast. Lower-left: a cane chair with a folded woolen blanket and one steaming tea cup. Middle: two potted plants and a sun-warmed parapet. Upper-right: soft-focus rooftops under a pale-blue winter sky. Palette: warm gold, woolen cream, leaf green, terracotta, pale blue. Camera: eye-level, 35mm, shallow focus, chair lower-left, clear sky negative space upper-right.",calm|winter|outdoor,vibe:calm|season:winter
cold,IN,25,A perfect lazy day is…,3,Summer cool,"Shade, nimbu pani, cool",cold_q25_o3.jpg,"Indian summer afternoon in shade, cool shade against bright outside light, medium contrast. Lower-left: one frosted glass of nimbu pani with mint on a table. Middle: leafy shadow patterns and a slow ceiling fan. Upper-right: a bright sunlit doorway. Palette: lime green, cool white, leafy shadow, warm gold light, soft blue. Camera: eye-level, 50mm, shallow focus, glass lower-left, bright doorway negative space upper-right.",calm|summer|leisure,vibe:calm|season:summer
cold,IN,25,A perfect lazy day is…,4,Quiet indoors,"Book, rest, slow",cold_q25_o4.jpg,"Indian home interior, soft warm muted light, low contrast. Lower-left: a soft couch with a cotton throw and one open book. Middle: a low table with chai and one small plant. Upper-right: a shaded room with gentle daylight. Palette: warm cream, terracotta, sage, honey, soft white. Camera: eye-level, 35mm, shallow focus, couch lower-left, soft negative space upper-right.",calm|home|rest,vibe:calm|pace:slow
cold,IN,26,How do you wind down in the evening?,1,Evening walk,"Cool air, lights",cold_q26_o1.jpg,"Indian evening neighbourhood walk, warm streetlight glow against cool dusk, medium-low contrast. Lower-left: a tree-lined sidewalk with two amber light pools. Middle: a quiet lane with two distant figures and one flowering tree. Upper area: soft-focus low buildings under a dusk sky. Palette: warm amber, dusk indigo, leaf green, soft gold. Camera: eye-level, 35mm, deep focus, lane from lower-left, dusk-sky negative space top.",wellness|outdoor|calm,cat:wellness|vibe:calm
cold,IN,26,How do you wind down in the evening?,2,Tea & terrace,"Sky, breeze, quiet",cold_q26_o2.jpg,"Indian terrace at dusk, warm low evening light, low contrast. Lower-left: a small table with two tea cups and a snack plate, one drifting curtain. Middle: a railing with one potted jasmine and a string of lights. Upper-right: a soft-focus skyline under a pastel sunset. Palette: pastel orange, soft pink, warm amber, leaf green, dusk blue. Camera: eye-level, 50mm, shallow focus, table lower-left, pastel-sky negative space upper-right.",wellness|calm|home,cat:wellness|vibe:calm
cold,IN,26,How do you wind down in the evening?,3,Music & dim lights,"Sound, soft glow",cold_q26_o3.jpg,"Cozy room at night, warm low lamp light, medium-low contrast. Lower-left: one record player on a wooden console with one lamp. Middle: a textured armchair and one trailing plant. Upper-right: a softly shadowed wall. Palette: warm amber, deep teal, charcoal, honey. Camera: eye-level, 50mm, shallow focus, console lower-left, shadowed negative space upper-right.",wellness|music|calm,cat:wellness|vibe:calm
cold,IN,26,How do you wind down in the evening?,4,Family time,"Talk, together",cold_q26_o4.jpg,"Indian family evening at home, warm tungsten glow, low contrast. Lower-third: a low table with two tea cups and a snack tray. Middle: three soft human silhouettes in conversation on a sofa. Upper area: a lamp-lit room with one plant. Palette: warm amber, terracotta, sage, cream. Camera: eye-level, 35mm, shallow focus, table lower-third, warm negative space top.",wellness|social|together,cat:wellness|vibe:social
cold,US,27,What's the drive you'd take?,1,Fall foliage,"Leaves, color, crisp",cold_q27_o1.jpg,"New England fall-foliage road, late afternoon, warm low light through leaves, medium contrast. Lower third: crisp asphalt curving under a canopy of crimson and gold maples. Middle: a stone wall and scattered leaves at the verge. Upper area: rolling autumn hills in warm haze. Palette: crimson, amber, gold, slate, warm cream. Camera: eye-level, 35mm, deep focus, road as tunnel-of-trees to center, hazy negative space ahead.",travel|roadtrip|seasonal,cat:travel|region:road|season:fall
cold,US,27,What's the drive you'd take?,2,Coastal summer,"Ocean, sun, open",cold_q27_o2.jpg,"US summer coastal highway, midday, bright clean light, sparkling water, medium contrast. Lower-left: a sun-bleached road edge with dune grass. Middle: an open road tracing low cliffs above a sparkling sea. Upper-right: a bright blue horizon with soft clouds. Palette: ocean blue, sandy gold, dune green, white, sky blue. Camera: eye-level, 24mm wide, deep focus, road sweeping right, open sea-sky negative space upper-right.",travel|coast|summer,cat:travel|region:coast|season:summer
cold,US,27,What's the drive you'd take?,3,Desert route,"Vast, warm, open",cold_q27_o3.jpg,"US desert highway, late afternoon, warm low light, faint heat haze. Lower-third: a long straight road with golden brush at the verge. Middle: heat shimmer and one cactus. Upper area: distant red mesas under a warm hazy sky. Palette: rust-red, golden ochre, sage, tangerine, pale blue. Camera: eye-level, 24mm wide, deep focus, road one-point to center, huge sky negative space top.",travel|desert|freedom,cat:travel|region:desert|vibe:free
cold,US,27,What's the drive you'd take?,4,Mountain pass,"Peaks, winding, cool",cold_q27_o4.jpg,"US mountain pass road among peaks, daytime, clear directional light, medium-high contrast. Lower-left: a guardrail and one sharp curve on a pine slope. Middle: layered forested ridges and a valley glimpse. Upper area: tall granite peaks under a cool sky. Palette: pine green, granite grey, cool blue, warm gold, slate. Camera: eye-level, 35mm, deep focus, curve from lower-left, peak-and-sky negative space top.",travel|mountains|scenic,cat:travel|region:mountains|vibe:scenic
cold,US,28,"When summer hits, you're into…",1,Lake days,"Water, dock, sun",cold_q28_o1.jpg,"US summer lake day, midday, bright clean light, water sparkle, medium contrast. Lower-left: a wooden dock with a coiled rope, one towel, one paddle. Middle: clear sparkling water with one moored canoe. Upper-right: a pine-lined far shore under a bright blue sky. Palette: lake blue, dock tan, pine green, white, sky blue. Camera: eye-level, 35mm, deep focus, dock lower-left, sparkling-water negative space upper-right.",outdoor|summer|leisure,cat:outdoor|season:summer|vibe:leisure
cold,US,28,"When summer hits, you're into…",2,Patio evenings,"String lights, warm",cold_q28_o2.jpg,"US backyard patio evening, summer, warm golden-hour glow into dusk, low contrast. Lower-left: a wooden table with simple food and one glass pitcher of lemonade. Middle: woven seating and two potted plants under one string of lights. Upper-right: a soft-focus garden fence and a dusk sky. Palette: warm gold, leaf green, cream, terracotta, dusk blue. Camera: eye-level, 35mm, shallow focus, table lower-left, string-light negative space upper-right.",home|outdoor|social,cat:home|vibe:social
cold,US,28,"When summer hits, you're into…",3,Summer festivals,"Music, crowd, fun",cold_q28_o3.jpg,"US summer music festival, dusk, vibrant stage light against dusk, high contrast. Lower-third: a grassy field with one blanket and two string-light poles. Middle: a glowing stage and crowd silhouettes with raised hands. Upper area: colored stage lights and a deep dusk sky. Palette: magenta, gold, teal, warm amber, indigo. Camera: eye-level, 35mm, deep focus, stage centered, dusk-sky negative space top.",social|festival|lively,cat:entertainment|vibe:lively
cold,US,28,"When summer hits, you're into…",4,Beach getaway,"Sand, waves, easy",cold_q28_o4.jpg,"US summer beach getaway, golden hour, warm low light, soft glow. Lower-left: soft sand with one striped towel, one straw sunhat, one shell. Middle: gentle rolling waves and a low tide line. Upper area: a wide ocean meeting a peach-and-gold sky. Palette: warm sand, aqua, coral, gold, soft peach. Camera: eye-level, 24mm wide, deep focus, towel lower-left, open sky-sea negative space top.",travel|beach|leisure,cat:travel|region:coast|vibe:leisure
cold,US,29,An experience you'd splurge on?,1,A live game,"Stadium, roar",cold_q29_o1.jpg,"US stadium live game, night, crisp floodlight with warm crowd glow, high contrast. Lower-third: a strip of bright field and a blurred rail. Middle: a vast floodlit field under towering lights. Upper area: packed stands with warm crowd light. Palette: field green, floodlight white, warm amber, deep night blue. Camera: elevated wide, 24mm, deep focus, field on lower third, dark sky negative space top.",sport|live|experience,cat:sport|aspiration:live
cold,US,29,An experience you'd splurge on?,2,A weekend trip,"Escape, explore",cold_q29_o2.jpg,"US weekend escape, golden morning, soft warm light, low contrast. Lower-left: one packed overnight bag and one camera on a wooden deck. Middle: a boutique cabin with large windows. Upper-right: a scenic mountain vista glowing in warm light. Palette: warm wood, sage, golden vista, cream, soft blue. Camera: eye-level, 35mm, shallow focus, deck lower-left, glowing vista negative space upper-right.",travel|getaway|experience,cat:travel|aspiration:getaway
cold,US,29,An experience you'd splurge on?,3,A great show,"Theatre, lights",cold_q29_o3.jpg,"US theatre stage, night, rich stage lighting with haze, high contrast. Lower-third: warm audience silhouettes. Middle: a grand stage in crimson and violet light through haze. Upper area: a dark ornate hall with two glowing accents. Palette: crimson, gold, deep violet, warm amber, black. Camera: eye-level, 35mm, deep focus, stage centered, dark hall negative space top.",entertainment|live|experience,cat:entertainment|aspiration:live
cold,US,29,An experience you'd splurge on?,4,A fine meal,"Tasting, special",cold_q29_o4.jpg,"US fine-dining tasting plate, warm dramatic low light, medium-high contrast. Lower-left: one small plate with refined garnish and polished cutlery on dark linen. Middle: one candle and a soft floral accent. Upper-right: a blurred intimate dining room with warm bokeh. Palette: charcoal linen, ivory, gold, sage, candle amber. Camera: eye-level, 50mm, shallow focus, plate lower-left, bokeh negative space upper-right.",food|finedining|treat,cat:food|aspiration:dineout
cold,US,30,An easy night looks like…,1,Small plates & a cozy table,"Cozy, slow, tasty",cold_q30_o1.jpg,"US restaurant corner, warm ambient low light, medium-low contrast. Lower-left: a table with three shared small plates and one tealight. Middle: a corner booth with cushions. Upper-right: a blurred warm interior with golden bokeh. Palette: warm amber, deep green, cream, terracotta, gold. Camera: eye-level, 50mm, shallow focus, plates lower-left, bokeh negative space upper-right.",social|food|calm,cat:food|vibe:calm
cold,US,30,An easy night looks like…,2,Board games in,"Friends, laughs, home",cold_q30_o2.jpg,"US living-room game night, evening, warm tungsten glow, low contrast. Lower-third: a board-game spread with colorful pieces, cards, and one snack bowl. Middle: two warm-lit hands and two soft silhouettes. Upper area: a lamp-lit room with one shelf. Palette: warm amber, primary game accents, cream, walnut. Camera: 45-degree overhead, 50mm, shallow focus, game lower-third, warm negative space top.",social|home|fun,cat:social|vibe:fun
cold,US,30,An easy night looks like…,3,Neighborhood stroll,"Walk, talk, calm",cold_q30_o3.jpg,"US evening neighborhood stroll, warm streetlight glow against cool dusk, medium-low contrast. Lower-left: a tree-lined sidewalk with two amber light pools and fallen leaves. Middle: two glowing house windows and a picket fence. Upper area: a street fading into dusk with two figures seen from behind. Palette: warm amber, dusk blue, leaf green, soft gold. Camera: eye-level, 35mm, deep focus, sidewalk from lower-left, dusk negative space top.",social|local|calm,cat:social|vibe:calm
cold,US,30,An easy night looks like…,4,Catch a movie,"Screen, popcorn",cold_q30_o4.jpg,"US movie theatre, showtime, warm screen glow in darkness, high contrast. Lower-third: plush seat rows in silhouette with one popcorn tub. Middle: a large screen as a soft warm glow. Upper area: a dark auditorium with two aisle lights. Palette: deep red, warm gold glow, charcoal, amber. Camera: eye-level from rear, 35mm, deep focus, screen glow centered, dark seat negative space foreground.",entertainment|film|leisure,cat:entertainment|vibe:calm
warm,ANY,01,"When the city gets loud, where do you slip away?",1,Quiet hills,"Cool air, calm",warm_q01_o1.jpg,"Misty hill retreat, soft morning, cool light with a warm edge, low contrast, drifting fog. Lower-left: a wooden balcony rail with one steaming mug and a folded shawl. Middle: layered green slopes in fog. Upper area: blue ranges fading to pale haze. Palette: emerald, silver-blue mist, warm amber, soft gold. Camera: eye-level, 35mm, deep focus, rail lower-left, misted negative space top.",travel|hills|calm,cat:travel|region:hills|vibe:calm
warm,ANY,01,"When the city gets loud, where do you slip away?",2,By the water,"Coast, reset",warm_q01_o2.jpg,"Calm lake escape, golden hour, warm low light, glassy reflections, low contrast. Lower-third: smooth pebbles and gentle ripples at a shoreline. Middle: a glassy lake surface mirroring a warm sky. Upper area: a soft far shore and low hills in haze. Palette: water teal, warm gold, soft sand, sage, peach. Camera: eye-level, 35mm, deep focus, shore lower-third, mirrored sky negative space top.",travel|beach|calm,cat:travel|region:coast|vibe:calm
warm,ANY,01,"When the city gets loud, where do you slip away?",3,A new city,"Explore, discover",warm_q01_o3.jpg,"New city street, warm dusk, warm window glow plus ambient dusk, medium-low contrast. Lower-left: textured pavement and one glowing plain storefront window. Middle: layered architecture and two distant silhouettes. Upper-right: a soft-focus skyline under a pastel sky. Palette: warm amber, soft teal, stone grey, dusk rose. Camera: eye-level, 35mm, deep focus, street from lower-left, pastel-sky negative space upper-right.",travel|city|explore,cat:travel|region:city|vibe:curious
warm,ANY,01,"When the city gets loud, where do you slip away?",4,Off the grid,"Nature, unplug",warm_q01_o4.jpg,"Off-grid forest cabin, dusk, warm window glow against cool forest, medium contrast. Lower-left: ferns and one mossy log near a fire-pit ring. Middle: a small timber cabin with one glowing window. Upper area: dense dark pines under a deep blue sky. Palette: pine green, warm amber, slate blue, earth brown. Camera: eye-level, 35mm, deep focus, cabin lower-right, forest negative space top.",travel|nature|solitude,cat:travel|cat:outdoor|vibe:calm
warm,ANY,02,"When the week runs long, how do you recharge?",1,Move your body,"Run, gym, sweat",warm_q02_o1.jpg,"Early-morning run, hard directional side light, high contrast, motion blur. Lower-left: running shoes mid-stride on a clean path with motion blur. Middle: one runner shown from the knees down as a blurred silhouette. Upper area: a cool-toned park backdrop. Palette: cool blue, warm highlight, charcoal, slate. Camera: low-angle, 35mm, shallow focus, shoes lower-left, cool negative space top.",wellness|active|fitness,cat:wellness|vibe:active
warm,ANY,02,"When the week runs long, how do you recharge?",2,Stillness,"Breathe, slow",warm_q02_o2.jpg,"Meditation corner, morning, soft diffused daylight, low contrast. Lower-left: one floor cushion and one small bowl on a textured mat in a clean light band. Middle: one trailing plant and soft shadow on a warm wall. Upper-right: an uncluttered room. Palette: warm oat, sage, terracotta, soft white. Camera: eye-level, 35mm, shallow focus, cushion lower-left, light negative space upper-right.",wellness|calm|mindful,cat:wellness|vibe:calm|pace:slow
warm,ANY,02,"When the week runs long, how do you recharge?",3,Outdoors,"Air, green, walk",warm_q02_o3.jpg,"Green outdoor trail, soft morning light, low contrast. Lower-left: dewy grass and a winding path. Middle: tall trees with two sunray shafts and one distant figure. Upper area: a pale-gold glowing horizon. Palette: fresh green, warm gold, sage, pale blue. Camera: eye-level, 35mm, deep focus, path from lower-left, glowing horizon negative space top.",wellness|nature|outdoor,cat:wellness|cat:outdoor
warm,ANY,02,"When the week runs long, how do you recharge?",4,Easy time with people,"Friends, ease",warm_q02_o4.jpg,"Friends at home, evening, warm tungsten glow, low contrast. Lower-third: a low table with two tea cups and a snack plate. Middle: three soft silhouettes in conversation on cushions. Upper area: a lamp-lit room with two plants. Palette: warm amber, terracotta, sage, cream. Camera: eye-level, 35mm, shallow focus, table lower-third, warm negative space top.",wellness|social|together,cat:wellness|vibe:social
warm,ANY,03,"When the week eases off, what feels right?",1,Slow & home,"Rest, easy, quiet",warm_q03_o1.jpg,"Slow weekend at home, daytime, soft diffused window light from the left, low contrast. Lower-left: a linen couch with a knit throw, one mug, one open book. Middle: a sunbeam crossing a wool rug from a sheer-curtained window. Upper-right: a shelf with two plants. Palette: warm cream, oatmeal, sage, honey, soft white. Camera: eye-level, 35mm, shallow focus, couch lower-left, sunlit negative space across the rug.",home|calm|leisure,cat:home|vibe:calm|pace:slow
warm,ANY,03,"When the week eases off, what feels right?",2,Out & social,"People, buzz",warm_q03_o2.jpg,"Social weekend out, dusk, warm ambient light, medium-low contrast. Lower-left: a small outdoor table with two shared plates. Middle: three soft silhouettes at a plaza café. Upper-right: one string of warm lights and city glow. Palette: warm amber, teal, cream, dusk rose. Camera: eye-level, 35mm, shallow focus, table lower-left, glowing negative space upper-right.",social|out|lively,cat:social|vibe:social
warm,ANY,03,"When the week eases off, what feels right?",3,A small trip,"Getaway, change",warm_q03_o3.jpg,"Weekend getaway departure, soft warm morning light, low contrast. Lower-left: one packed bag and one coffee on a bench at a scenic pullout. Middle: one car and a platform edge. Upper-right: rolling scenery in warm light. Palette: warm gold, sage, denim blue, cream, soft green. Camera: eye-level, 35mm, deep focus, bag lower-left, scenic negative space upper-right.",travel|getaway|explore,cat:travel|aspiration:getaway
warm,ANY,03,"When the week eases off, what feels right?",4,Make something,"Create, hands-on",warm_q03_o4.jpg,"Creative project at home, warm task light, medium-low contrast. Lower-third: clay and two paint tubes on a wooden table with focused tools. Middle: warm task lighting and one half-finished piece. Upper area: a softly blurred studio corner. Palette: warm wood, clay terracotta, paint accents, cream, sage. Camera: 45-degree overhead, 50mm, shallow focus, work lower-third, soft negative space top.",creative|hobby|focused,cat:home|vibe:focused
warm,ANY,04,"When food is the plan, where do you go?",1,Street & casual,"Stalls, bold, easy",warm_q04_o1.jpg,"Street-food setting, dusk, warm bulb light, medium contrast, light steam. Lower-left: one colorful plate of street eats with fresh garnish. Middle: a glowing food counter and soft crowd movement. Upper-right: warm-blurred lane lights. Palette: fried amber, chilli red, herb green, brass, dusk orange. Camera: eye-level, 35mm, shallow focus, plate lower-left, glowing negative space upper-right.",food|street|casual,cat:food|vibe:lively
warm,ANY,04,"When food is the plan, where do you go?",2,Home cooking,"Comfort, familiar",warm_q04_o2.jpg,"Home-cooked meal being set down, warm kitchen light, low contrast. Lower-third: two hands placing one warm dish among three shared bowls. Middle: a cozy kitchen with soft light and fresh herbs. Upper-right: a sunlit window in soft focus. Palette: warm cream, tomato red, leaf green, honey wood, brass. Camera: 45-degree overhead, 50mm, shallow focus, dish lower-third, soft window negative space upper-right.",food|home|comfort,cat:food|aesthetic:cozy
warm,ANY,04,"When food is the plan, where do you go?",3,A restaurant night,"Treat, special",warm_q04_o3.jpg,"Restaurant dinner table, warm pendant light, medium-low contrast. Lower-left: one refined plate and copper cutlery on linen. Middle: a soft banquette and a small floral accent. Upper-right: a blurred dining room with gold bokeh. Palette: warm copper, teal, plum, cream, amber. Camera: eye-level, 50mm, shallow focus, plate lower-left, bokeh negative space upper-right.",food|restaurant|treat,cat:food|aspiration:dineout
warm,ANY,04,"When food is the plan, where do you go?",4,Café culture,"Coffee, slow",warm_q04_o4.jpg,"Café table, daytime, warm window daylight, low contrast. Lower-left: one ceramic coffee and one pastry with an open book. Middle: a soft chair, two plants, a stack of books. Upper-right: a sunlit window with street greenery. Palette: honey oak, cream, caramel, leaf green, soft white. Camera: eye-level, 50mm, shallow focus, cup lower-left, bright window negative space upper-right.",food|cafe|coffee,cat:food|vibe:calm
warm,ANY,05,What kind of road trip calls you?,1,Scenic & slow,"Views, stop often",warm_q05_o1.jpg,"Scenic road trip stop, golden hour, warm low light, soft glow. Lower-left: one car parked near a stone overlook with one thermos on the hood. Middle: a sweeping valley and a winding road below. Upper-right: layered hills in warm haze. Palette: warm gold, sage, hill blue, cream, amber. Camera: eye-level, 35mm, deep focus, overlook lower-left, valley negative space upper-right.",travel|scenic|slow,cat:travel|vibe:scenic|pace:slow
warm,ANY,05,What kind of road trip calls you?,2,Long miles,"Open road, steady drive",warm_q05_o2.jpg,"Long open highway, warm directional light, long shadows. Lower-third: crisp lane lines. Middle: an empty road over gentle rises. Upper area: a wide horizon under a low sun and streaked sky. Palette: golden ochre, sage, warm rose, slate, cream. Camera: eye-level, 24mm wide, deep focus, road one-point to center, vast sky negative space top.",travel|roadtrip|active,cat:travel|region:road|vibe:active
warm,ANY,05,What kind of road trip calls you?,3,Nature stops,"Parks, trails",warm_q05_o3.jpg,"Nature trailhead stop, daytime, warm dappled daylight, medium contrast. Lower-left: a dirt path and one backpack. Middle: a forest edge and dappled light. Upper area: tall trees under a soft sky. Palette: forest green, earth brown, warm gold, slate. Camera: eye-level, 35mm, deep focus, path from lower-left, natural negative space top.",travel|nature|outdoor,cat:travel|cat:outdoor
warm,ANY,05,What kind of road trip calls you?,4,Town to town,Local finds,warm_q05_o4.jpg,"Small-town road trip, late afternoon, warm low light, long shadows. Lower-left: one parked car on a quiet main street. Middle: café windows and flower boxes. Upper area: low hills under a soft warm sky. Palette: warm brick, sage, cream, gold, soft blue. Camera: eye-level, 35mm, deep focus, street from lower-left, warm sky negative space top.",travel|explore|culture,cat:travel|vibe:curious
warm,ANY,06,What would make home feel better right now?,1,A better kitchen,"Cook, gather, heart",warm_q06_o1.jpg,"Kitchen refresh, daytime, soft bright daylight, low contrast. Lower-third: fresh ingredients and one wooden board on a clean counter with one copper pan. Middle: matte cabinets and one open ceramic shelf. Upper-right: a sunlit window with one plant. Palette: warm white, sage, honey wood, copper, green. Camera: eye-level, 35mm, shallow focus, counter lower-third, bright window negative space upper-right.",home|kitchen|reno,cat:home|aesthetic:functional
warm,ANY,06,What would make home feel better right now?,2,A calmer corner,"Read, relax, retreat",warm_q06_o2.jpg,"Relaxing corner being styled, warm light, low contrast. Lower-left: a cushioned chair with a throw, one lamp, one plant on a side table. Middle: a textured rug and a stack of three books. Upper-right: a softly lit warm wall. Palette: warm cream, mustard, sage, honey, soft white. Camera: eye-level, 35mm, shallow focus, chair lower-left, soft wall negative space upper-right.",home|cozy|decor,cat:home|aesthetic:cozy
warm,ANY,06,What would make home feel better right now?,3,More outdoor space,"Patio, plants, air",warm_q06_o3.jpg,"Balcony garden setup, daytime, soft warm daylight, low contrast. Lower-left: two potted herbs and a woven chair with a linen cushion. Middle: a small table with one watering can and trailing greenery. Upper-right: a leafy view and a warm sky. Palette: terracotta, sage, leaf green, cream, sky blue. Camera: eye-level, 35mm, shallow focus, plants lower-left, sky negative space upper-right.",home|outdoor|garden,cat:home|cat:outdoor
warm,ANY,06,What would make home feel better right now?,4,A full refresh,"New look, fresh start",warm_q06_o4.jpg,"Room makeover, daytime, bright daylight, low contrast. Lower-left: fabric and paint samples on a rug beside one armchair. Middle: a sofa with cushions and one floor lamp. Upper-right: a sunlit sheer-curtained window. Palette: soft white, blush, sage, walnut, brass. Camera: eye-level, 35mm, shallow focus, samples lower-left, bright window negative space upper-right.",home|design|makeover,cat:home|aspiration:makeover
warm,ANY,07,Which kind of celebration feels most like you?,1,Warm & home,"Lights, family",warm_q07_o1.jpg,"Home celebration, evening, warm candle and lamp light, medium-low contrast. Lower-third: a table with two candles, flowers, and small decor. Middle: draped fairy lights and two soft silhouettes. Upper area: a decorated wall with warm bokeh. Palette: saffron, warm gold, rose, cream, amber. Camera: eye-level, 35mm, shallow focus, table lower-third, glowing bokeh negative space top.",festival|home|traditional,cat:culture|aesthetic:warm
warm,ANY,07,Which kind of celebration feels most like you?,2,Big & lively,"Crowd, music",warm_q07_o2.jpg,"Big celebration, evening, energetic colored light, motion blur, medium contrast. Lower-third: colored light and a hint of confetti. Middle: three motion silhouettes under festive lights. Upper area: a glowing venue with warm-and-magenta bokeh. Palette: magenta, gold, electric blue, warm amber, rose. Camera: eye-level, 35mm, motion blur on subjects, motion lower-third, glowing negative space top.",festival|social|lively,cat:culture|vibe:lively
warm,ANY,07,Which kind of celebration feels most like you?,3,Quiet & meaningful,"Ritual, calm",warm_q07_o3.jpg,"Quiet celebration setting, dusk, warm low candlelight, low contrast. Lower-left: a low tray with two candles and flowers. Middle: a softly lit alcove with subtle decor. Upper area: a warm-shadowed room. Palette: deep maroon, brass gold, jasmine white, amber. Camera: eye-level, 50mm, shallow focus, tray lower-left, shadowed negative space top.",festival|calm|ritual,cat:culture|vibe:calm
warm,ANY,07,Which kind of celebration feels most like you?,4,Out & festive,"City, event",warm_q07_o4.jpg,"Festive city event, night, warm ambient night light, medium-low contrast. Lower-left: warm public decorations and two glowing lanterns. Middle: a softly blurred crowd. Upper-right: a decorated plaza with warm bokeh. Palette: warm gold, festive red, teal, amber, deep blue. Camera: eye-level, 35mm, shallow focus, lanterns lower-left, glowing negative space upper-right.",festival|out|social,cat:culture|vibe:social
warm,ANY,08,"As the season shifts, what are you in the mood for?",1,Crisp outdoors,"Walk, fresh",warm_q08_o1.jpg,"Crisp outdoor walk, morning, soft low sun, low contrast. Lower-left: a path scattered with leaves. Middle: bare-branching trees and one distant figure. Upper area: a pale cool sky and soft woodland. Palette: amber, gold, slate, sage, pale blue. Camera: eye-level, 35mm, deep focus, path from lower-left, pale sky negative space top.",outdoor|seasonal|calm,cat:outdoor|vibe:calm|season:fall
warm,ANY,08,"As the season shifts, what are you in the mood for?",2,Warm & cozy,"Indoors, snug",warm_q08_o2.jpg,"Cozy indoor scene, warm lamp light, low contrast. Lower-left: a knit blanket, one steaming mug, one lamp on a low table. Middle: a soft couch with textured cushions. Upper-right: a dim warm room with soft shadow. Palette: warm amber, cream, rust, honey, soft brown. Camera: eye-level, 35mm, shallow focus, table lower-left, warm negative space upper-right.",home|cozy|leisure,cat:home|aesthetic:cozy
warm,ANY,08,"As the season shifts, what are you in the mood for?",3,Festive mood,"Lights, warmth",warm_q08_o3.jpg,"Festive seasonal home, evening, warm interior glow against cool dusk, medium-low contrast. Lower-third: a mantel with soft greenery and one string of warm lights. Middle: a glowing room. Upper-right: a window with cool evening light. Palette: pine green, warm gold, cream, soft red, cool blue. Camera: eye-level, 35mm, shallow focus, mantel lower-third, cool window negative space upper-right.",home|festive|seasonal,cat:home|vibe:festive|season:holiday
warm,ANY,08,"As the season shifts, what are you in the mood for?",4,Comfort food,"Cook, bake, warm",warm_q08_o4.jpg,"Seasonal cooking and baking, warm oven glow, low contrast. Lower-third: fresh bread and one pot of soup steaming on a wooden board. Middle: an oven glow and three spice jars. Upper-right: a soft window with grey daylight. Palette: golden brown, cinnamon, cream, sage, warm grey. Camera: 45-degree overhead, 50mm, shallow focus, board lower-third, soft window negative space upper-right.",food|comfort|cozy,cat:food|aesthetic:cozy
warm,ANY,09,"When something pulls you in, what is it?",1,Big & thrilling,"Action, scale",warm_q09_o1.jpg,"Cinema auditorium, dark, high-contrast warm-and-cool beams. Lower-third: dark seat silhouettes. Middle: a cinema-scale glow as dramatic beams with no imagery. Upper area: a dark hall with faint haze. Palette: deep black, electric blue, fiery orange, silver. Camera: eye-level from rear, 35mm, deep focus, glow centered, dark seat negative space foreground.",entertainment|action|blockbuster,cat:entertainment|vibe:lively
warm,ANY,09,"When something pulls you in, what is it?",2,Light & fun,"Comedy, easy",warm_q09_o2.jpg,"Light fun viewing, evening, warm bright light, low contrast. Lower-left: a bright couch with one popcorn bowl and two cushions. Middle: two warm silhouettes and a TV showing abstract warm light. Upper-right: a cheerful lamp-lit room. Palette: warm cream, butter, coral, mint, amber. Camera: eye-level, 35mm, shallow focus, popcorn lower-left, soft glow negative space upper-right.",entertainment|comedy|fun,cat:entertainment|vibe:fun
warm,ANY,09,"When something pulls you in, what is it?",3,Deep & gripping,"Drama, story",warm_q09_o3.jpg,"Dim living room drama viewing, night, single dramatic lamp, high contrast, deep shadows. Lower-right: two hands on a dark blanket edge, no face in frame. Middle: one lamp and a TV showing abstract cool light. Upper-left: deep shadow. Palette: charcoal, steel-blue, muted teal, one warm accent. Camera: eye-level, 50mm, shallow focus, hands lower-right, shadowed negative space upper-left.",entertainment|drama|intense,cat:entertainment|vibe:focused
warm,ANY,09,"When something pulls you in, what is it?",4,Documentaries & real stories,"Real stories, real life",warm_q09_o4.jpg,"Documentary viewing setting, warm grounded light, low contrast. Lower-left: a warm desk with three books, a folded map, two framed photos. Middle: one lamp and a comfortable chair. Upper-right: a softly lit room. Palette: warm wood, amber, sage, cream, slate. Camera: eye-level, 35mm, shallow focus, desk lower-left, soft negative space upper-right.",entertainment|documentary|real,cat:entertainment|vibe:curious
warm,ANY,10,"If you treated yourself this month, it'd be…",1,A memorable meal,Dinner out,warm_q10_o1.jpg,"Memorable meal out, night, warm candle and tungsten light, medium-low contrast. Lower-left: one plated dinner on a warm restaurant table with one candle. Middle: a soft banquette and a small floral accent. Upper-right: a blurred dining room with gold bokeh. Palette: ivory, deep red, gold, sage, amber. Camera: eye-level, 50mm, shallow focus, plate lower-left, bokeh negative space upper-right.",food|treat|dineout,cat:food|aspiration:dineout
warm,ANY,10,"If you treated yourself this month, it'd be…",2,A getaway,Weekend away,warm_q10_o2.jpg,"Weekend getaway, golden morning, soft warm light, low contrast. Lower-left: crisp linens and one travel bag on a deck. Middle: a boutique cabin with one scenic window. Upper-right: a glowing landscape vista. Palette: warm white, sage, golden vista, honey, soft blue. Camera: eye-level, 35mm, shallow focus, deck lower-left, glowing vista negative space upper-right.",travel|treat|getaway,cat:travel|aspiration:getaway
warm,ANY,10,"If you treated yourself this month, it'd be…",3,Gear that lasts,Quality kit,warm_q10_o3.jpg,"Travel-gear flat-lay, warm side light, medium contrast. Lower-third: one leather notebook, matte headphones, one canvas bag, compact kit on warm wood. Middle: a soft cast shadow and one small plant. Upper area: a clean blurred wall. Palette: tan leather, charcoal, brass, warm wood, cream. Camera: 45-degree overhead, 50mm, shallow focus, gear lower-third, clean negative space upper area.",tech|gear|upgrade,cat:tech|aspiration:gear
warm,ANY,10,"If you treated yourself this month, it'd be…",4,A live show,"Stage, lights",warm_q10_o4.jpg,"Live-show atmosphere, night, dramatic stage light with haze, high contrast. Lower-third: a warm crowd glow and three raised-hand silhouettes. Middle: a stage in magenta and blue light, instruments in silhouette. Upper area: a dark hall with two light beams. Palette: magenta, blue, warm amber, black. Camera: eye-level, 35mm, deep focus, stage centered, dark negative space top.",entertainment|live|experience,cat:entertainment|aspiration:live
warm,ANY,11,"If there's a big game on, where are you?",1,At the venue,"Live, loud",warm_q11_o1.jpg,"Live sports venue, night, crisp floodlight with warm crowd glow, high contrast. Lower-third: a strip of bright field and a blurred rail. Middle: a floodlit field under towering lights. Upper area: packed stands with warm crowd light. Palette: field green, floodlight white, warm amber, night blue. Camera: elevated wide, 24mm, deep focus, field on lower third, dark sky negative space top.",sport|live|fan,cat:sport|vibe:lively
warm,ANY,11,"If there's a big game on, where are you?",2,With friends,Watch party,warm_q11_o2.jpg,"At-home game watch party, evening, warm lamp plus cool screen glow, medium contrast. Lower-third: a coffee table with snacks, two hands cheering shown only as hands. Middle: three silhouettes facing a TV showing abstract soft field light. Upper-right: a lamp-lit room. Palette: warm amber, green glow, cream, rust. Camera: eye-level, 35mm, shallow focus, table lower-third, glow negative space upper-right.",sport|social|home,cat:sport|vibe:social
warm,ANY,11,"If there's a big game on, where are you?",3,On the sofa,"Relaxed, at home",warm_q11_o3.jpg,"At-home sports watching, evening, warm tungsten plus gentle screen glow, low contrast. Lower-third: a sofa edge with a blanket and one snack plate. Middle: one figure seen from behind facing a TV showing abstract light. Upper-right: a warm lamp-lit room. Palette: warm caramel, soft glow, cream, brown. Camera: eye-level, 35mm, shallow focus, sofa lower-third, warm negative space upper-right.",sport|family|home,cat:sport|vibe:calm
warm,ANY,11,"If there's a big game on, where are you?",4,Skipping the game,Show me something else,warm_q11_o4.jpg,"Cozy living room, non-sport, warm lamp glow, low contrast. Lower-left: a low table with one book and a snack under one lamp. Middle: a soft couch with cushions and a TV showing gentle ambient light. Upper-right: a calm warm room. Palette: warm amber, sage, cream, honey. Camera: eye-level, 35mm, shallow focus, table lower-left, warm negative space upper-right.",general|diversify|none,vibe:neutral
warm,ANY,12,A truly unhurried Sunday looks like…,1,Out in air,"Walk, calm",warm_q12_o1.jpg,"Unhurried Sunday walk, morning, gentle morning light, low contrast. Lower-left: a soft open path. Middle: gentle trees and one distant figure. Upper area: a pale sky and soft hills. Palette: fresh green, warm gold, sage, pale blue. Camera: eye-level, 35mm, deep focus, path from lower-left, pale sky negative space top.",calm|outdoor|slow,cat:outdoor|vibe:calm|pace:slow
warm,ANY,12,A truly unhurried Sunday looks like…,2,Long meal,"Food, together",warm_q12_o2.jpg,"Long Sunday meal, warm ambient light, low contrast. Lower-third: a shared table with warm food and soft candlelight, two hands reaching shown only as hands. Middle: a cozy dining setting. Upper area: a warm soft-lit room. Palette: warm gold, terracotta, cream, sage, amber. Camera: eye-level, 35mm, shallow focus, table lower-third, warm negative space top.",food|family|together,cat:food|vibe:social
warm,ANY,12,A truly unhurried Sunday looks like…,3,Local errands,"Tidy, sorted, calm",warm_q12_o3.jpg,"Sunday tidying, daytime, bright natural light, low contrast. Lower-third: a folded laundry stack on a bright kitchen counter. Middle: a tidy corner with one plant. Upper-right: a sunlit window. Palette: soft white, sage, warm wood, cream, pale blue. Camera: eye-level, 35mm, shallow focus, counter lower-third, bright window negative space upper-right.",home|routine|steady,cat:home|pace:steady
warm,ANY,12,A truly unhurried Sunday looks like…,4,Do nothing,"Rest, nap",warm_q12_o4.jpg,"Lazy Sunday rest, soft warm muted light, low contrast. Lower-left: a daybed with a soft blanket and one cushion. Middle: gauzy curtains drifting. Upper-right: a shaded room. Palette: warm cream, terracotta, muted sage, honey. Camera: eye-level, 35mm, shallow focus, daybed lower-left, soft negative space upper-right.",calm|rest|home,cat:home|vibe:calm|pace:slow
enriched,ANY,01,More hill escapes — who's coming with you?,1,Solo reset,"Just me, quiet",enr_q01_o1.jpg,"Solo hill retreat, soft morning, cool light with a warm edge, low contrast, fog. Lower-left: one chair and one steaming mug on a balcony rail over mist. Middle: layered green slopes in fog. Upper area: blue ranges in pale haze. Palette: emerald, misty blue, warm amber, gold. Camera: eye-level, 35mm, deep focus, chair lower-left, misted negative space top.",travel|hills|solo,cat:travel|region:hills|vibe:calm
enriched,ANY,01,More hill escapes — who's coming with you?,2,With friends,"Group, fun",enr_q01_o2.jpg,"Group hill getaway, dusk, warm fire glow against cool twilight, medium contrast. Lower-left: one bonfire and three mugs on a rug. Middle: three friends as warm silhouettes at a viewpoint. Upper area: dark hill ridges under deep blue twilight. Palette: ember orange, warm amber, pine green, slate blue. Camera: eye-level, 35mm, shallow focus, fire lower-left, twilight negative space top.",travel|hills|social,cat:travel|region:hills|vibe:social
enriched,ANY,01,More hill escapes — who's coming with you?,3,With family,"Together, easy",enr_q01_o3.jpg,"Family hill-station trip, warm light, cool air, low contrast. Lower-third: a balcony rail with two cups and a folded shawl. Middle: three family figures seen from behind at a misty overlook. Upper area: layered hills and soft clouds. Palette: warm gold, emerald, soft blue, cream. Camera: eye-level, 35mm, deep focus, rail lower-third, misted negative space top.",travel|hills|family,cat:travel|region:hills|vibe:social
enriched,ANY,02,Your active reset — what pace?,1,Push hard,"Intense, sweat",enr_q02_o1.jpg,"High-intensity workout, hard directional side light, high contrast. Lower-left: one dumbbell and a kettlebell with a faint highlight sheen on a training floor. Middle: a stark training space with strong shadows. Upper area: a cool-toned blurred backdrop. Palette: cool steel-blue, charcoal, warm highlight, slate. Camera: low-angle, 35mm, shallow focus, equipment lower-left, cool negative space top.",wellness|intense|fitness,cat:wellness|vibe:active|pace:fast
enriched,ANY,02,Your active reset — what pace?,2,Move easy,"Flow, gentle",enr_q02_o2.jpg,"Gentle movement scene, morning, soft morning light, low contrast. Lower-left: a yoga mat with a folded throw in a clean light band. Middle: one cropped body in a calm stretch shown without face. Upper-right: a plant-dotted room. Palette: warm oat, sage, terracotta, soft white. Camera: eye-level, 35mm, shallow focus, mat lower-left, soft negative space upper-right.",wellness|gentle|mindful,cat:wellness|vibe:calm|pace:slow
enriched,ANY,02,Your active reset — what pace?,3,Outdoors,"Trail, air",enr_q02_o3.jpg,"Outdoor active reset on a trail, daytime, warm dappled daylight, medium contrast. Lower-left: trail dirt with one running shoe. Middle: an open path through trees with dappled light. Upper area: one distant figure and a soft sky. Palette: forest green, earth brown, warm gold, slate. Camera: eye-level, 35mm, deep focus, path from lower-left, natural negative space top.",wellness|outdoor|nature,cat:wellness|cat:outdoor
enriched,ANY,03,When you eat out — which mood?,1,Adventurous,"New, bold",enr_q03_o1.jpg,"Adventurous dining table, warm ambient light, medium-low contrast. Lower-left: one artful plate with vibrant textures and colors. Middle: copper cutlery and a small accent. Upper-right: a warm restaurant blur with gold bokeh. Palette: saffron, deep teal, magenta, cream, copper. Camera: 45-degree overhead, 50mm, shallow focus, plate lower-left, bokeh negative space upper-right.",food|adventurous|explore,cat:food|vibe:curious
enriched,ANY,03,When you eat out — which mood?,2,Comfort,"Familiar, cozy",enr_q03_o2.jpg,"Comforting restaurant meal, warm soft light, low contrast. Lower-left: one hearty plate of warm comfort food on a table. Middle: soft seating and one candle. Upper-right: a warm blurred interior. Palette: warm gold, brown, cream, sage, amber. Camera: eye-level, 50mm, shallow focus, plate lower-left, warm negative space upper-right.",food|comfort|familiar,cat:food|aesthetic:cozy
enriched,ANY,03,When you eat out — which mood?,3,A special occasion,"Special, fine",enr_q03_o3.jpg,"Fine dining table, warm dramatic low light, medium-high contrast. Lower-left: one elegant plate with refined garnish, polished cutlery, one candle on dark linen. Middle: a small floral accent and a soft banquette. Upper-right: an intimate blurred room with gold bokeh. Palette: charcoal, ivory, gold, sage, amber. Camera: eye-level, 50mm, shallow focus, plate lower-left, bokeh negative space upper-right.",food|finedining|treat,cat:food|aspiration:dineout
enriched,ANY,04,Tonight's watch — which kind?,1,Short & light,"Easy, quick",enr_q04_o1.jpg,"Light short-watch scene, evening, warm bright light, low contrast. Lower-left: a bright couch with one snack and two cushions. Middle: a TV showing abstract warm light. Upper-right: a cheerful lamp-lit room. Palette: cream, butter, coral, mint, amber. Camera: eye-level, 35mm, shallow focus, couch lower-left, soft glow negative space upper-right.",entertainment|light|short,cat:entertainment|vibe:fun
enriched,ANY,04,Tonight's watch — which kind?,2,Deep & involved,"Long, gripping",enr_q04_o2.jpg,"Deep involved watch scene, night, cinematic cool glow, high contrast, dramatic shadows. Lower-right: a dim sofa edge with a throw. Middle: a TV showing abstract cool light. Upper-left: deep shadow with subtle texture. Palette: charcoal, steel-blue, muted teal, one warm accent. Camera: eye-level, 50mm, shallow focus, sofa lower-right, shadowed negative space upper-left.",entertainment|deep|intense,cat:entertainment|vibe:focused
enriched,ANY,04,Tonight's watch — which kind?,3,Comfort rewatch,"Familiar, cozy",enr_q04_o3.jpg,"Comfort-rewatch setup, evening, warm soft glow, low contrast. Lower-left: a knit blanket and one popcorn bowl on a soft couch. Middle: a warm TV glow on a textured wall. Upper-right: a familiar lamp-lit room. Palette: warm amber, cream, rust, honey, soft brown. Camera: eye-level, 35mm, shallow focus, couch lower-left, warm negative space upper-right.",entertainment|comfort|familiar,cat:entertainment|aesthetic:cozy
enriched,ANY,05,What kind of upgrade feels worth it?,1,Everyday upgrade,"Useful, daily",enr_q05_o1.jpg,"Everyday object on a counter, warm directional light, medium-low contrast. Lower-left: one sleek useful gadget on a clean surface. Middle: a simple uncluttered environment. Upper-right: a soft blurred wall. Palette: warm grey, honey wood, matte black, cream, brass. Camera: eye-level, 50mm, shallow focus, object lower-left, clean negative space upper-right.",tech|gear|everyday,cat:tech|aspiration:everyday
enriched,ANY,05,What kind of upgrade feels worth it?,2,Dream splurge,"Premium, dream",enr_q05_o2.jpg,"Premium home-tech object on a minimal console, soft dramatic key light, medium-high contrast. Lower-left: one sleek matte device with brushed-metal detail. Middle: a refined stone surface. Upper-right: a dark gradient blur. Palette: charcoal, brushed silver, deep navy, warm highlight, cream. Camera: eye-level, 85mm, shallow focus, object lower-left, dark negative space upper-right.",tech|gear|splurge,cat:tech|aspiration:splurge
enriched,ANY,05,What kind of upgrade feels worth it?,3,Experience over things,"Do more, own less",enr_q05_o3.jpg,"Experience viewed from behind, warm emotional light, medium-low contrast. Lower-third: one silhouette at a scenic overlook. Middle: a sweeping vista. Upper area: warm atmospheric light. Palette: warm amber, golden vista, deep blue, rose. Camera: eye-level, 35mm, deep focus, silhouette lower-third, glowing negative space top.",experience|live|aspiration,cat:entertainment|aspiration:live
enriched,ANY,06,What does the season make you want more of?,1,Cozy in,"Warm, indoors",enr_q06_o1.jpg,"Cozy seasonal indoors, warm lamp light, low contrast. Lower-left: a warm blanket, one lamp, one mug. Middle: a soft couch with cushions. Upper-right: a dim warm room. Palette: warm amber, cream, rust, honey. Camera: eye-level, 35mm, shallow focus, table lower-left, warm negative space upper-right.",home|cozy|seasonal,cat:home|aesthetic:cozy
enriched,ANY,06,What does the season make you want more of?,2,Out & crisp,"Air, walk",enr_q06_o2.jpg,"Crisp outdoor walk, bright crisp light, medium contrast. Lower-left: a leaf-strewn path. Middle: bare trees and an open path. Upper area: a pale fresh sky. Palette: amber, gold, slate, sage, pale blue. Camera: eye-level, 35mm, deep focus, path from lower-left, pale sky negative space top.",outdoor|seasonal|active,cat:outdoor|vibe:active
enriched,ANY,06,What does the season make you want more of?,3,Festive prep,"Lights, plan",enr_q06_o3.jpg,"Festive seasonal prep at home, warm planning glow, medium-low contrast. Lower-third: warm lights being arranged and decor details on a table. Middle: a softly glowing room. Upper-right: a window with cool evening light. Palette: warm gold, pine green, cream, soft red, amber. Camera: eye-level, 35mm, shallow focus, decor lower-third, cool window negative space upper-right.",home|festive|seasonal,cat:home|vibe:festive|season:holiday
enriched,ANY,06,What does the season make you want more of?,4,Comfort food,"Warm, bake",enr_q06_o4.jpg,"Seasonal comfort food and baking, warm oven glow, low contrast. Lower-third: steaming bowls and fresh baked goods. Middle: three spice jars and a wooden board. Upper-right: a soft warm kitchen. Palette: golden brown, cinnamon, cream, sage, amber. Camera: 45-degree overhead, 50mm, shallow focus, board lower-third, warm negative space upper-right.",food|comfort|seasonal,cat:food|aesthetic:cozy
enriched,ANY,07,This season feels special — how are you marking it?,1,At home,"Lights, family",enr_q07_o1.jpg,"Festive home with warm lights, evening, warm candle and lamp light, medium-low contrast. Lower-third: a table with two candles, flowers, and soft ornaments. Middle: a warm living-room glow with two soft silhouettes. Upper area: a decorated wall with bokeh. Palette: saffron, warm gold, rose, cream, amber. Camera: eye-level, 35mm, shallow focus, table lower-third, glowing negative space top.",festival|home|traditional,cat:culture|aesthetic:warm
enriched,ANY,07,This season feels special — how are you marking it?,2,Out celebrating,"Crowd, events",enr_q07_o2.jpg,"Festive city celebration, night, warm ambient night light, medium-low contrast. Lower-left: warm public lights and two lanterns. Middle: a softly blurred crowd and decorations. Upper-right: a glowing plaza with warm bokeh. Palette: warm gold, festive red, teal, amber, deep blue. Camera: eye-level, 35mm, shallow focus, lanterns lower-left, glowing negative space upper-right.",festival|out|lively,cat:culture|vibe:lively
enriched,ANY,07,This season feels special — how are you marking it?,3,Travelling,"Getaway, visit",enr_q07_o3.jpg,"Festive-season travel getaway, soft warm light, low contrast. Lower-left: one packed bag near a window with warm seasonal light. Middle: a scenic road with festive touches. Upper-right: a glowing landscape under a warm sky. Palette: warm gold, sage, soft red, cream, blue. Camera: eye-level, 35mm, shallow focus, bag lower-left, scenic negative space upper-right.",travel|festival|getaway,cat:travel|aspiration:getaway
enriched,ANY,07,This season feels special — how are you marking it?,4,Low-key,"Calm, simple",enr_q07_o4.jpg,"Simple festive evening at home, warm low light, low contrast. Lower-left: a small table with two warm lights and a modest setting. Middle: soft cushions and gentle glow. Upper-right: a quiet warm room. Palette: warm amber, cream, soft green, honey. Camera: eye-level, 35mm, shallow focus, table lower-left, warm negative space upper-right.",festival|calm|quiet,cat:culture|vibe:calm
enriched,ANY,08,Big games on right now — how are you watching?,1,At the venue,"Live, loud",enr_q08_o1.jpg,"Live sports venue under floodlights, crisp floodlight with warm crowd glow, high contrast. Lower-third: a bright field strip and a blurred rail. Middle: a vast floodlit field with crowd texture. Upper area: tiered stands with warm light. Palette: field green, floodlight white, warm amber, night blue. Camera: elevated wide, 24mm, deep focus, field on lower third, dark sky negative space top.",sport|live|fan,cat:sport|vibe:lively
enriched,ANY,08,Big games on right now — how are you watching?,2,Watch party,"Friends, snacks",enr_q08_o2.jpg,"At-home sports watch party, evening, warm lamp plus cool screen glow, medium contrast. Lower-third: a coffee table with snacks and drinks. Middle: three warm-lit silhouettes facing a TV showing abstract soft light. Upper-right: a lamp-lit room. Palette: warm amber, green glow, cream, rust. Camera: eye-level, 35mm, shallow focus, table lower-third, glow negative space upper-right.",sport|social|home,cat:sport|vibe:social
enriched,ANY,08,Big games on right now — how are you watching?,3,Relaxed at home,"Sofa, calm",enr_q08_o3.jpg,"Relaxed family sports watching, evening, warm tungsten plus gentle screen glow, low contrast. Lower-third: a sofa with a blanket and snacks. Middle: one figure seen from behind facing a TV showing abstract light. Upper-right: a warm room. Palette: warm caramel, soft glow, cream, brown. Camera: eye-level, 35mm, shallow focus, sofa lower-third, warm negative space upper-right.",sport|home|calm,cat:sport|vibe:calm
enriched,ANY,08,Big games on right now — how are you watching?,4,Just highlights,Catch up quick,enr_q08_o4.jpg,"Quick sports highlights catch-up, warm even light, low contrast. Lower-third: a modern TV console with one remote and one mug. Middle: a tidy minimal living room with a TV showing abstract light. Upper-right: a calm warm wall. Palette: warm grey, amber glow, cream, slate. Camera: eye-level, 35mm, shallow focus, console lower-third, clean negative space upper-right.",sport|highlights|brief,cat:sport|vibe:neutral
