id,category,subcategory,title,subtitle,layout,imageFile,imagePrompt,prefs,timeOfDay,weather,season,urgency,intent,cold_reason,warm_reason,enriched_reason
c001,Food,New opening,Naru Noodle Bar.,A 14-seat counter doing Tokyo-style ramen — your weeknight upgrade.,content,content/images/c001.jpg,"A cosy intimate Tokyo-style ramen counter in Indiranagar Bangalore, steam rising from a vivid bowl of ramen, warm pendant lights, chef plating Bright, vibrant, high-resolution editorial photograph, vivid natural colour, well-lit and airy, subject in sharp focus, full-frame 16:9, no black bars, no text.",food|nightlife,evening|night,any,any,timely,book,Bangalore's ramen scene is tiny and obsessive — this 14-seater is the one people queue for.,"Worth a look on a night out — naru noodle bar, somewhere the city's crowd rates.","A considered, design-led plate — your kind of dining."
c002,Food,Recipe,A one-pot bisi bele bath.,"Comfort in a bowl — 35 minutes, pantry staples, deeply Bangalore.",content,content/images/c002.jpg,"A steaming vivid bowl of bisi bele bath garnished with ghee and boondi on a bright wooden table, fresh ingredients around Bright, vibrant, high-resolution editorial photograph, vivid natural colour, well-lit and airy, subject in sharp focus, full-frame 16:9, no black bars, no text.",food|cooking,evening,rainy|any,any,evergreen,learn,A Bangalore favourite worth a look — a one-pot bisi bele bath.,"Worth a look on a night out — a one-pot bisi bele bath, somewhere the city's crowd rates.","A considered, design-led plate — your kind of dining."
c003,Food,Street food,The VV Puram food street.,"A walk you eat your way through — chaat, dosa, holige, all of it.",content,content/images/c003.jpg,"A lively colourful Bangalore street food lane at golden hour, vibrant chaat and dosa stalls, glowing lights, happy crowd Bright, vibrant, high-resolution editorial photograph, vivid natural colour, well-lit and airy, subject in sharp focus, full-frame 16:9, no black bars, no text.",food|nightlife,evening|night,clear|any,any,evergreen,inspire,VV Puram after dark is a Bangalore rite of passage — best done hungry.,"Worth a look on a night out — the vv puram food street, somewhere the city's crowd rates.","A considered, design-led plate — your kind of dining."
c004,Food,Fine dining,A seasonal tasting menu.,"Eight courses, monsoon edition — dinner as theatre.",content,content/images/c004.jpg,"An elegant fine-dining plate being plated by a chef, artful colourful presentation, warm bright restaurant, premium Bright, vibrant, high-resolution editorial photograph, vivid natural colour, well-lit and airy, subject in sharp focus, full-frame 16:9, no black bars, no text.",food|fine,evening|night,any,any,timely,book,Eight-course tasting menus are rare in the city — this monsoon edition is the one to book.,"Worth a look on a night out — a seasonal tasting menu, somewhere the city's crowd rates.",Fine dining is your default — a seasonal tasting menu is exactly the evening you book.
c005,Food,Café,Third-wave filter coffee.,"The new roasters reinventing Bangalore's oldest ritual, one pour at a time.",content,content/images/c005.jpg,"A bright specialty coffee café in Bangalore, latte art on a wooden table, sunlit, plants, third-wave aesthetic, vivid Bright, vibrant, high-resolution editorial photograph, vivid natural colour, well-lit and airy, subject in sharp focus, full-frame 16:9, no black bars, no text.",food|cafes|calm,morning,any,any,evergreen,inspire,Filter coffee is Bangalore's religion; these new roasters are quietly rewriting it.,A wood-accent café with fast wifi — the room you actually focus in.,"An upscale café morning — the refined, sunlit brunch you favour."
c006,Food,Breakfast,The dosa spot worth the queue.,"Crisp, golden, gone in minutes — Sunday's first decision, sorted.",content,content/images/c006.jpg,"A vibrant golden masala dosa with chutney and sambar on a banana leaf, bright South Indian tiffin setting, steam Bright, vibrant, high-resolution editorial photograph, vivid natural colour, well-lit and airy, subject in sharp focus, full-frame 16:9, no black bars, no text.",food|cafes,morning,any,any,evergreen,inspire,A Bangalore favourite worth a look — the dosa spot worth the queue.,"Worth a look on a night out — the dosa spot worth the queue, somewhere the city's crowd rates.","A considered, design-led plate — your kind of dining."
c007,Food,Heritage,Lunch at Karavalli.,"A coastal Karnataka feast — your weekend, lived right in the city.",content,content/images/c007.jpg,"A colourful coastal Karnataka thali on a banana leaf in an elegant bright open-air restaurant, rich vivid dishes Bright, vibrant, high-resolution editorial photograph, vivid natural colour, well-lit and airy, subject in sharp focus, full-frame 16:9, no black bars, no text.",food|heritage,afternoon|evening,any,any,evergreen,book,A Bangalore favourite worth a look — lunch at karavalli.,"Worth a look on a night out — lunch at karavalli, somewhere the city's crowd rates.","A considered, design-led plate — your kind of dining."
c008,Food,Bakery,A fresh-bake morning.,"Sourdough, cardamom buns, the smell that gets you out of bed.",content,content/images/c008.jpg,"A bright artisanal bakery counter with golden sourdough and pastries, warm morning light, vivid and inviting Bright, vibrant, high-resolution editorial photograph, vivid natural colour, well-lit and airy, subject in sharp focus, full-frame 16:9, no black bars, no text.",food|cafes|calm,morning,any,any,evergreen,inspire,The city's small-batch bakeries sell out by 10am — worth the early alarm.,"Worth a look on a night out — a fresh-bake morning, somewhere the city's crowd rates.","A considered, design-led plate — your kind of dining."
c009,Food,Cooking,"Knife skills, in an hour.",One class that makes every dinner after it faster and calmer.,content,content/images/c009.jpg,"A bright modern cooking class, hands chopping colourful vegetables on a wooden board, fresh produce, airy kitchen Bright, vibrant, high-resolution editorial photograph, vivid natural colour, well-lit and airy, subject in sharp focus, full-frame 16:9, no black bars, no text.",food|cooking|make,evening,any,any,evergreen,learn,"A Bangalore favourite worth a look — knife skills, in an hour.","Worth a look on a night out — knife skills, in an hour, somewhere the city's crowd rates.","A considered, design-led plate — your kind of dining."
c010,Food,Drinks,A natural-wine evening.,"Low-intervention bottles, a candlelit bar, no pretension.",content,content/images/c010.jpg,"A stylish bright wine bar in Bangalore, glasses of vivid natural wine on a marble counter, warm glow, elegant Bright, vibrant, high-resolution editorial photograph, vivid natural colour, well-lit and airy, subject in sharp focus, full-frame 16:9, no black bars, no text.",food|nightlife,evening|night,any,any,timely,book,A Bangalore favourite worth a look — a natural-wine evening.,"Worth a look on a night out — a natural-wine evening, somewhere the city's crowd rates.","A considered, design-led plate — your kind of dining."
c011,Travel,Weekend escape,"Coorg, after the rains.","Coffee-estate homestays, misty mornings, the South India you keep meaning to see.",content,content/images/c011.jpg,"Lush vivid green coffee plantations of Coorg at bright dawn, a winding road, a cosy homestay, crisp clear morning Bright, vibrant, high-resolution editorial photograph, vivid natural colour, well-lit and airy, subject in sharp focus, full-frame 16:9, no black bars, no text.",travel|calm|nature,any,any,monsoon,evergreen,plan,Coorg is greenest right after Bangalore's rains — locals book these weeks out.,"A city escape worth a weekend — coorg, after the rains.","Urban and luxury-resort escapes are your pattern — coorg, after the rains, premium and unhurried."
c012,Travel,Heritage,"Hampi, at golden hour.","Boulder temples and lost-empire ruins — a UNESCO wonder, an overnight away.",content,content/images/c012.jpg,"The surreal vivid boulder landscape and ancient ruins of Hampi at bright golden hour, a traveler exploring, epic Bright, vibrant, high-resolution editorial photograph, vivid natural colour, well-lit and airy, subject in sharp focus, full-frame 16:9, no black bars, no text.",travel|heritage,any,clear,any,evergreen,plan,"A Bangalore favourite worth a look — hampi, at golden hour.","A city escape worth a weekend — hampi, at golden hour.","Urban and luxury-resort escapes are your pattern — hampi, at golden hour, premium and unhurried."
c013,Travel,Beach,A Goa long weekend.,"Sand, sea breeze, and the reset only the coast delivers.",content,content/images/c013.jpg,"A bright serene Goa beach at golden hour, vivid turquoise water, palm trees, a hammock, joyful coastal escape Bright, vibrant, high-resolution editorial photograph, vivid natural colour, well-lit and airy, subject in sharp focus, full-frame 16:9, no black bars, no text.",travel|beaches,any,clear,any,timely,book,A Bangalore favourite worth a look — a goa long weekend.,A city escape worth a weekend — a goa long weekend.,"Urban and luxury-resort escapes are your pattern — a goa long weekend, premium and unhurried."
c014,Travel,Nature stay,A Wayanad treehouse.,"Wake up in the canopy, fall asleep to crickets — phone optional.",content,content/images/c014.jpg,"A luxury treehouse stay amid bright lush green misty forests of Wayanad Kerala, vivid canopy, serene eco-resort Bright, vibrant, high-resolution editorial photograph, vivid natural colour, well-lit and airy, subject in sharp focus, full-frame 16:9, no black bars, no text.",travel|nature|calm,any,any,any,evergreen,book,A Bangalore favourite worth a look — a wayanad treehouse.,A city escape worth a weekend — a wayanad treehouse.,"Urban and luxury-resort escapes are your pattern — a wayanad treehouse, premium and unhurried."
c015,Travel,Hills,The Chikmagalur drive.,"Switchback roads, coffee country, a flask and a view.",content,content/images/c015.jpg,"A scenic bright winding road through vivid green Chikmagalur hills and coffee estates, clear blue sky, a car on the road Bright, vibrant, high-resolution editorial photograph, vivid natural colour, well-lit and airy, subject in sharp focus, full-frame 16:9, no black bars, no text.",travel|roadtrip|hills,morning,clear,any,evergreen,plan,A Bangalore favourite worth a look — the chikmagalur drive.,A city escape worth a weekend — the chikmagalur drive.,"Urban and luxury-resort escapes are your pattern — the chikmagalur drive, premium and unhurried."
c016,Travel,City break,A Pondicherry weekend.,"French quarters, sea-facing cafés, mustard-yellow walls.",content,content/images/c016.jpg,"Bright sunlit French-colonial streets of Pondicherry, vivid yellow and white walls, bougainvillea, charming café Bright, vibrant, high-resolution editorial photograph, vivid natural colour, well-lit and airy, subject in sharp focus, full-frame 16:9, no black bars, no text.",travel|calm|heritage,any,clear,any,evergreen,plan,A Bangalore favourite worth a look — a pondicherry weekend.,A city escape worth a weekend — a pondicherry weekend.,"Urban and luxury-resort escapes are your pattern — a pondicherry weekend, premium and unhurried."
c017,Travel,Wildlife,A Kabini safari.,"Dawn jeep, riverbank, the chance of a leopard.",content,content/images/c017.jpg,"A bright early-morning wildlife safari jeep by the Kabini river, vivid green forest, golden light, anticipation Bright, vibrant, high-resolution editorial photograph, vivid natural colour, well-lit and airy, subject in sharp focus, full-frame 16:9, no black bars, no text.",travel|nature,morning,clear,any,timely,book,A Bangalore favourite worth a look — a kabini safari.,A city escape worth a weekend — a kabini safari.,"Urban and luxury-resort escapes are your pattern — a kabini safari, premium and unhurried."
c018,Travel,Trek,The Kudremukh trail.,"Green ridgelines, rolling mist, a climb that earns the view.",content,content/images/c018.jpg,"A vivid green rolling ridgeline trek at Kudremukh, bright misty morning, a hiker on the trail, expansive view Bright, vibrant, high-resolution editorial photograph, vivid natural colour, well-lit and airy, subject in sharp focus, full-frame 16:9, no black bars, no text.",travel|nature|fitness,morning,clear|any,any,evergreen,plan,A Bangalore favourite worth a look — the kudremukh trail.,A city escape worth a weekend — the kudremukh trail.,Wellness you take seriously — the kudremukh trail slots into your active routine.
c019,Travel,Flight deal,"Bangalore to the coast, cheaper.",Fares dipped for the dates everyone wants — the window won't stay open.,content,content/images/c019.jpg,"A bright modern airport lounge window overlooking planes at golden hour, a passport and coffee, warm vivid travel mood Bright, vibrant, high-resolution editorial photograph, vivid natural colour, well-lit and airy, subject in sharp focus, full-frame 16:9, no black bars, no text.",travel|beaches,any,any,any,expiring,book,"A Bangalore favourite worth a look — bangalore to the coast, cheaper.","A city escape worth a weekend — bangalore to the coast, cheaper.","Urban and luxury-resort escapes are your pattern — bangalore to the coast, cheaper, premium and unhurried."
c020,Travel,Staycation,A heritage-hotel night in.,"Stay in your own city, but make it a holiday.",content,content/images/c020.jpg,"A bright elegant heritage hotel suite in Bangalore with polished wood and warm lamps, vivid, inviting, luxurious Bright, vibrant, high-resolution editorial photograph, vivid natural colour, well-lit and airy, subject in sharp focus, full-frame 16:9, no black bars, no text.",travel|calm|heritage,evening,any,any,evergreen,book,A Bangalore favourite worth a look — a heritage-hotel night in.,A city escape worth a weekend — a heritage-hotel night in.,"Urban and luxury-resort escapes are your pattern — a heritage-hotel night in, premium and unhurried."
c021,Travel,Road trip,The Nandi Hills sunrise.,"Forty-five minutes out, a sea of clouds, back by breakfast.",content,content/images/c021.jpg,"A bright misty sunrise at Nandi Hills near Bangalore, vivid layered blue mountains above clouds, a winding road Bright, vibrant, high-resolution editorial photograph, vivid natural colour, well-lit and airy, subject in sharp focus, full-frame 16:9, no black bars, no text.",travel|roadtrip|hills,morning,clear,any,timely,plan,"Nandi Hills at sunrise is the classic Bangalore escape — 45 minutes, back by breakfast.",A city escape worth a weekend — the nandi hills sunrise.,"Urban and luxury-resort escapes are your pattern — the nandi hills sunrise, premium and unhurried."
c022,Travel,Offbeat,A Sakleshpur rail-trek weekend.,"Tunnels, viaducts, and a green that doesn't photograph real.",content,content/images/c022.jpg,"A vivid lush green Sakleshpur railway viaduct in bright daylight, dramatic monsoon greenery, scenic adventure Bright, vibrant, high-resolution editorial photograph, vivid natural colour, well-lit and airy, subject in sharp focus, full-frame 16:9, no black bars, no text.",travel|nature|roadtrip,any,clear|any,monsoon,evergreen,plan,Sakleshpur's rail-treks are a monsoon secret most Bangaloreans miss.,A city escape worth a weekend — a sakleshpur rail-trek weekend.,"Urban and luxury-resort escapes are your pattern — a sakleshpur rail-trek weekend, premium and unhurried."
c023,Fashion,Festive edit,The festive handloom edit.,"Hand-woven, jewel-toned, made the slow way — for the season of showing up.",shop,content/images/c023.jpg,"An editorial photo of a model wearing an elegant deep-emerald handloom silk saree with gold zari, bright festive setting, vivid Bright, vibrant, high-resolution editorial photograph, vivid natural colour, well-lit and airy, subject in sharp focus, full-frame 16:9, no black bars, no text.",fashion|handloom,any,any,festive,timely,buy,Festive season's near — this handloom edit is what the city's dressing in.,"Smart-casual, modern-urbanite — the festive handloom edit, in your beige-and-olive lane.","Minimalist-chic in your champagne-and-sage palette — the festive handloom edit, the kind of piece you invest in."
c024,Fashion,Capsule,An easy linen capsule.,"Effortless, breathable, endlessly mixable — the monsoon uniform.",shop,content/images/c024.jpg,"An editorial photo of a model in a relaxed beige linen shirt and cream wide trousers, bright airy daylight, effortless elegant Bright, vibrant, high-resolution editorial photograph, vivid natural colour, well-lit and airy, subject in sharp focus, full-frame 16:9, no black bars, no text.",fashion|minimal,any,rainy|any,monsoon,evergreen,buy,Monsoon dressing in Bangalore is all about linen — this capsule nails it.,"Smart-casual, modern-urbanite — an easy linen capsule, in your beige-and-olive lane.","Minimalist-chic in your champagne-and-sage palette — an easy linen capsule, the kind of piece you invest in."
c025,Fashion,Streetwear,The new drop is live.,"Bolder than last season, and in your size — move before it's gone.",shop,content/images/c025.jpg,"An editorial street-style photo of a young person in oversized graphic tee, cargo pants and fresh white sneakers, bright urban setting, vivid Bright, vibrant, high-resolution editorial photograph, vivid natural colour, well-lit and airy, subject in sharp focus, full-frame 16:9, no black bars, no text.",fashion|street,evening,any,any,timely,buy,A Bangalore favourite worth a look — the new drop is live.,"Smart-casual, modern-urbanite — the new drop is live, in your beige-and-olive lane.","Minimalist-chic in your champagne-and-sage palette — the new drop is live, the kind of piece you invest in."
c026,Fashion,Footwear,The everyday white sneaker.,One pair that goes with everything you already own.,content,content/images/c026.jpg,"A bright clean studio shot of a model wearing crisp white sneakers, casual outfit, vivid, fashion-forward Bright, vibrant, high-resolution editorial photograph, vivid natural colour, well-lit and airy, subject in sharp focus, full-frame 16:9, no black bars, no text.",fashion|minimal|street,any,any,any,evergreen,buy,A Bangalore favourite worth a look — the everyday white sneaker.,"Smart-casual, modern-urbanite — the everyday white sneaker, in your beige-and-olive lane.","Minimalist-chic in your champagne-and-sage palette — the everyday white sneaker, the kind of piece you invest in."
c027,Fashion,Occasion,What to wear to a sangeet.,Dress codes decoded — show up looking like you meant it.,content,content/images/c027.jpg,"A bright vibrant Indian sangeet celebration, a guest in a stylish festive outfit, colourful decor, joyful energy Bright, vibrant, high-resolution editorial photograph, vivid natural colour, well-lit and airy, subject in sharp focus, full-frame 16:9, no black bars, no text.",fashion|handloom,any,any,festive,timely,inspire,A Bangalore favourite worth a look — what to wear to a sangeet.,"Smart-casual, modern-urbanite — what to wear to a sangeet, in your beige-and-olive lane.","Minimalist-chic in your champagne-and-sage palette — what to wear to a sangeet, the kind of piece you invest in."
c028,Fashion,Sustainable,A slow-fashion label worth it.,"Fewer, better pieces — clothes with a conscience and a cut.",content,content/images/c028.jpg,"A bright minimalist sustainable fashion boutique, natural fabrics on a model, soft daylight, vivid earthy tones Bright, vibrant, high-resolution editorial photograph, vivid natural colour, well-lit and airy, subject in sharp focus, full-frame 16:9, no black bars, no text.",fashion|minimal|sustainability,any,any,any,evergreen,inspire,A Bangalore favourite worth a look — a slow-fashion label worth it.,"Smart-casual, modern-urbanite — a slow-fashion label worth it, in your beige-and-olive lane.","Minimalist-chic in your champagne-and-sage palette — a slow-fashion label worth it, the kind of piece you invest in."
c029,Fashion,Accessories,The monsoon-proof bag.,"Looks premium, shrugs off rain — function that doesn't apologise.",content,content/images/c029.jpg,"A bright product-in-use shot of a stylish person carrying a premium weatherproof bag on a rainy Bangalore street, vivid Bright, vibrant, high-resolution editorial photograph, vivid natural colour, well-lit and airy, subject in sharp focus, full-frame 16:9, no black bars, no text.",fashion|minimal,any,rainy,monsoon,evergreen,buy,A Bangalore favourite worth a look — the monsoon-proof bag.,"Smart-casual, modern-urbanite — the monsoon-proof bag, in your beige-and-olive lane.","Minimalist-chic in your champagne-and-sage palette — the monsoon-proof bag, the kind of piece you invest in."
c030,Fashion,Grooming,A fresh seasonal haircut.,The change that costs little and shifts how the week feels.,content,content/images/c030.jpg,"A bright modern upscale salon in Bangalore, a stylish fresh haircut, mirror and warm light, vivid clean aesthetic Bright, vibrant, high-resolution editorial photograph, vivid natural colour, well-lit and airy, subject in sharp focus, full-frame 16:9, no black bars, no text.",fashion|beauty,any,any,any,evergreen,book,A Bangalore favourite worth a look — a fresh seasonal haircut.,"Smart-casual, modern-urbanite — a fresh seasonal haircut, in your beige-and-olive lane.","Minimalist-chic in your champagne-and-sage palette — a fresh seasonal haircut, the kind of piece you invest in."
c031,Fashion,Jewellery,"Everyday gold, reimagined.",Pieces light enough to never take off.,content,content/images/c031.jpg,"A bright editorial shot of a model wearing delicate modern gold jewellery, warm glowing skin, vivid, elegant Bright, vibrant, high-resolution editorial photograph, vivid natural colour, well-lit and airy, subject in sharp focus, full-frame 16:9, no black bars, no text.",fashion|handloom|minimal,any,any,festive,evergreen,buy,"Light, wear-everyday gold is having a moment in the city's boutiques.","Smart-casual, modern-urbanite — everyday gold, reimagined, in your beige-and-olive lane.","Minimalist-chic in your champagne-and-sage palette — everyday gold, reimagined, the kind of piece you invest in."
c032,Fashion,Styling,Three ways to wear one kurta.,"One piece, a week of looks — the math of a good wardrobe.",content,content/images/c032.jpg,"A bright lookbook triptych mood of a model styling one kurta three ways, airy daylight, vivid, fashion editorial Bright, vibrant, high-resolution editorial photograph, vivid natural colour, well-lit and airy, subject in sharp focus, full-frame 16:9, no black bars, no text.",fashion|handloom|minimal,any,any,any,evergreen,learn,A Bangalore favourite worth a look — three ways to wear one kurta.,"Smart-casual, modern-urbanite — three ways to wear one kurta, in your beige-and-olive lane.","Minimalist-chic in your champagne-and-sage palette — three ways to wear one kurta, the kind of piece you invest in."
c033,Home,Decor,A monsoon corner reset.,"Warm lamp, a throw, a plant — the nook the rain deserves.",content,content/images/c033.jpg,"A bright cosy reading corner by a window on a rainy evening, warm lamp, throw blanket, plant, vivid inviting Bright, vibrant, high-resolution editorial photograph, vivid natural colour, well-lit and airy, subject in sharp focus, full-frame 16:9, no black bars, no text.",home|calm,evening,rainy,monsoon,evergreen,inspire,A Bangalore favourite worth a look — a monsoon corner reset.,"Warm-wood, clean lines — a monsoon corner reset, a workspace that suits your taste.","Quiet-luxury minimalism — a monsoon corner reset, your aesthetic carried home."
c034,Home,Plants,"An indoor jungle, started right.",Five plants that survive you — and make a room breathe.,content,content/images/c034.jpg,"A bright sunlit living room full of lush vivid green indoor plants, airy and fresh, biophilic home aesthetic Bright, vibrant, high-resolution editorial photograph, vivid natural colour, well-lit and airy, subject in sharp focus, full-frame 16:9, no black bars, no text.",home|calm|nature,any,any,any,evergreen,learn,"A Bangalore favourite worth a look — an indoor jungle, started right.","Warm-wood, clean lines — an indoor jungle, started right, a workspace that suits your taste.","Quiet-luxury minimalism — an indoor jungle, started right, your aesthetic carried home."
c035,Home,Aquascape,"Iwagumi, the living art.",A desk-sized underwater landscape that quiets the mind.,content,content/images/c035.jpg,"A pristine vivid Iwagumi planted aquarium on a minimalist desk, bright clear water, lush green, serene Bright, vibrant, high-resolution editorial photograph, vivid natural colour, well-lit and airy, subject in sharp focus, full-frame 16:9, no black bars, no text.",home|calm|make,any,any,any,evergreen,inspire,"A Bangalore favourite worth a look — iwagumi, the living art.","Warm-wood, clean lines — iwagumi, the living art, a workspace that suits your taste.","Quiet-luxury minimalism — iwagumi, the living art, your aesthetic carried home."
c036,Home,Organisation,The ten-minute reset.,A nightly ritual that makes mornings feel handled.,content,content/images/c036.jpg,"A bright tidy minimalist modern living room, soft evening light, calm and ordered, vivid and warm Bright, vibrant, high-resolution editorial photograph, vivid natural colour, well-lit and airy, subject in sharp focus, full-frame 16:9, no black bars, no text.",home|productivity|calm,night,any,any,evergreen,learn,A Bangalore favourite worth a look — the ten-minute reset.,"Warm-wood, clean lines — the ten-minute reset, a workspace that suits your taste.","Quiet-luxury minimalism — the ten-minute reset, your aesthetic carried home."
c037,Home,Scent,Set the mood with scent.,"Sandalwood, rain, citrus — the invisible upgrade to a room.",content,content/images/c037.jpg,"A bright still life of artisanal candles and incense on a wooden shelf, soft glow, vivid warm tones, serene Bright, vibrant, high-resolution editorial photograph, vivid natural colour, well-lit and airy, subject in sharp focus, full-frame 16:9, no black bars, no text.",home|calm,evening,any,any,evergreen,inspire,A Bangalore favourite worth a look — set the mood with scent.,"Warm-wood, clean lines — set the mood with scent, a workspace that suits your taste.","Quiet-luxury minimalism — set the mood with scent, your aesthetic carried home."
c038,Home,Upgrade,A smarter good-night.,"One tap dims the lights, locks up, starts the playlist.",content,content/images/c038.jpg,"A bright sleek smart-home living room at dusk, ambient lighting, glowing voice device, modern vivid interior Bright, vibrant, high-resolution editorial photograph, vivid natural colour, well-lit and airy, subject in sharp focus, full-frame 16:9, no black bars, no text.",home|tech,night,any,any,evergreen,buy,Bangalore's tech homes are automating the small stuff — this is the easy entry.,"Warm-wood, clean lines — a smarter good-night, a workspace that suits your taste.","Quiet-luxury minimalism — a smarter good-night, your aesthetic carried home."
c039,Home,Cooking space,The kitchen that works.,Small tweaks that make cooking feel less like a chore.,content,content/images/c039.jpg,"A bright airy modern Bangalore kitchen, organised wooden counters, fresh produce, sunlight, vivid and clean Bright, vibrant, high-resolution editorial photograph, vivid natural colour, well-lit and airy, subject in sharp focus, full-frame 16:9, no black bars, no text.",home|food|make,any,any,any,evergreen,inspire,A Bangalore favourite worth a look — the kitchen that works.,"Warm-wood, clean lines — the kitchen that works, a workspace that suits your taste.","Quiet-luxury minimalism — the kitchen that works, your aesthetic carried home."
c040,Home,Art,A wall worth looking up at.,Affordable prints from artists you'll want to brag about.,content,content/images/c040.jpg,"A bright stylish living room wall with framed colourful art prints, warm gallery lighting, vivid curated aesthetic Bright, vibrant, high-resolution editorial photograph, vivid natural colour, well-lit and airy, subject in sharp focus, full-frame 16:9, no black bars, no text.",home|culture|calm,any,any,any,evergreen,buy,A Bangalore favourite worth a look — a wall worth looking up at.,"Warm-wood, clean lines — a wall worth looking up at, a workspace that suits your taste.","Quiet-luxury minimalism — a wall worth looking up at, your aesthetic carried home."
c041,Entertainment,Live music,A vinyl-only night.,"Three DJs, original pressings — jazz, Bollywood, '70s rock.",content,content/images/c041.jpg,"A stylish vinyl listening night at an upscale Bangalore club, a DJ spinning records, warm amber glow, vivid lively crowd Bright, vibrant, high-resolution editorial photograph, vivid natural colour, well-lit and airy, subject in sharp focus, full-frame 16:9, no black bars, no text.",entertainment|nightlife|music,night,any,any,timely,book,"Vinyl nights are the city's coolest small gigs — original pressings, no laptops.","Where the city's tech-and-culture crowd goes — a vinyl-only night, your scene.","A cultured, aspirational night — a vinyl-only night, your kind of evening out."
c042,Entertainment,Gig,An intimate indie gig.,"The band from your most-played playlist, in a room of 80.",content,content/images/c042.jpg,"An intimate bright live indie music gig, a singer with a guitar under warm vivid stage light, engaged crowd Bright, vibrant, high-resolution editorial photograph, vivid natural colour, well-lit and airy, subject in sharp focus, full-frame 16:9, no black bars, no text.",entertainment|music|nightlife,night,any,any,timely,book,Small-room indie gigs sell out fast in Bangalore — this band's worth it.,"Where the city's tech-and-culture crowd goes — an intimate indie gig, your scene.","A cultured, aspirational night — an intimate indie gig, your kind of evening out."
c043,Entertainment,Film,"A restored classic, on screen.",Watch it the way it was meant to be seen — big and loud.,content,content/images/c043.jpg,"A bright stylish independent cinema lobby in Bangalore, vivid retro posters, warm marquee lights, inviting Bright, vibrant, high-resolution editorial photograph, vivid natural colour, well-lit and airy, subject in sharp focus, full-frame 16:9, no black bars, no text.",entertainment|culture,evening|night,any,any,timely,book,"A Bangalore favourite worth a look — a restored classic, on screen.","Where the city's tech-and-culture crowd goes — a restored classic, on screen, your scene.","A cultured, aspirational night — a restored classic, on screen, your kind of evening out."
c044,Entertainment,Comedy,A stand-up night out.,Two hours of laughing too hard at a small downtown club.,content,content/images/c044.jpg,"A bright lively stand-up comedy club, a comedian under a warm spotlight, laughing audience, vivid energetic Bright, vibrant, high-resolution editorial photograph, vivid natural colour, well-lit and airy, subject in sharp focus, full-frame 16:9, no black bars, no text.",entertainment|nightlife,night,any,any,timely,book,A Bangalore favourite worth a look — a stand-up night out.,"Where the city's tech-and-culture crowd goes — a stand-up night out, your scene.","A cultured, aspirational night — a stand-up night out, your kind of evening out."
c045,Entertainment,Theatre,An English-language play.,Live theatre that reminds you screens aren't everything.,content,content/images/c045.jpg,"A bright elegant theatre stage with vivid lighting, actors mid-scene, rich set, cultural evening, cinematic but bright Bright, vibrant, high-resolution editorial photograph, vivid natural colour, well-lit and airy, subject in sharp focus, full-frame 16:9, no black bars, no text.",entertainment|culture,evening,any,any,timely,book,A Bangalore favourite worth a look — an english-language play.,"Where the city's tech-and-culture crowd goes — an english-language play, your scene.","A cultured, aspirational night — an english-language play, your kind of evening out."
c046,Entertainment,OTT,"This week's binge, sorted.",The one show everyone's about to be talking about.,content,content/images/c046.jpg,"A bright cosy living room, a large glowing TV showing vivid colourful content, popcorn, relaxed lean-back mood Bright, vibrant, high-resolution editorial photograph, vivid natural colour, well-lit and airy, subject in sharp focus, full-frame 16:9, no black bars, no text.",entertainment|leanback,night,rainy|any,any,timely,inspire,A rainy Bangalore evening is made for the show everyone's about to discuss.,"Where the city's tech-and-culture crowd goes — this week's binge, sorted, your scene.","A cultured, aspirational night — this week's binge, sorted, your kind of evening out."
c047,Entertainment,Jazz,A late-night jazz set.,"A saxophone, a nightcap, the city slowing down.",content,content/images/c047.jpg,"An intimate jazz lounge with a saxophonist under warm amber light, velvet seating, vivid sophisticated late-night Bright, vibrant, high-resolution editorial photograph, vivid natural colour, well-lit and airy, subject in sharp focus, full-frame 16:9, no black bars, no text.",entertainment|music|nightlife|calm,night,any,any,evergreen,book,A Bangalore favourite worth a look — a late-night jazz set.,"Where the city's tech-and-culture crowd goes — a late-night jazz set, your scene.","A cultured, aspirational night — a late-night jazz set, your kind of evening out."
c048,Entertainment,Festival,A city arts festival.,"A weekend of installations, music and food across town.",content,content/images/c048.jpg,"A bright vibrant city arts festival, colourful installations and crowds in daylight, joyful cultural energy, vivid Bright, vibrant, high-resolution editorial photograph, vivid natural colour, well-lit and airy, subject in sharp focus, full-frame 16:9, no black bars, no text.",entertainment|culture|music,any,clear,any,timely,plan,A Bangalore favourite worth a look — a city arts festival.,"Where the city's tech-and-culture crowd goes — a city arts festival, your scene.","A cultured, aspirational night — a city arts festival, your kind of evening out."
c049,Entertainment,Sports,Match night at a sports bar.,"Big screen, big crowd, the game better with strangers.",content,content/images/c049.jpg,"A bright lively sports bar with a big glowing screen, cheering crowd, vivid energetic match-night atmosphere Bright, vibrant, high-resolution editorial photograph, vivid natural colour, well-lit and airy, subject in sharp focus, full-frame 16:9, no black bars, no text.",entertainment|nightlife|sports,night,any,any,timely,book,A Bangalore favourite worth a look — match night at a sports bar.,"Where the city's tech-and-culture crowd goes — match night at a sports bar, your scene.","A cultured, aspirational night — match night at a sports bar, your kind of evening out."
c050,Entertainment,Quiz,Your team's quiz night.,"Trivia, beer, and the chance to finally win.",content,content/images/c050.jpg,"A bright warm pub quiz night, friends at a table with answer sheets, lively vivid social atmosphere Bright, vibrant, high-resolution editorial photograph, vivid natural colour, well-lit and airy, subject in sharp focus, full-frame 16:9, no black bars, no text.",entertainment|nightlife,night,any,any,evergreen,book,"Pub quizzes are how Bangalore does a weeknight — low stakes, high fun.","Where the city's tech-and-culture crowd goes — your team's quiz night, your scene.","A cultured, aspirational night — your team's quiz night, your kind of evening out."
c051,Wellness,Yoga,Rooftop sunrise yoga.,"Forty minutes above the city, before the day asks anything of you.",content,content/images/c051.jpg,"A bright peaceful sunrise rooftop yoga session overlooking green Bangalore, a person in a calm pose, vivid golden light Bright, vibrant, high-resolution editorial photograph, vivid natural colour, well-lit and airy, subject in sharp focus, full-frame 16:9, no black bars, no text.",wellness|calm|fitness,morning,clear,any,evergreen,book,Rooftop sunrise yoga is the city's calmest start — book the clear morning.,An easy way to build a routine — rooftop sunrise yoga.,"Sunrise yoga fits your yoga-and-running mornings — a premium, quiet start."
c052,Wellness,Running,Keep the morning streak.,Tomorrow's route adds a lake loop you haven't tried.,content,content/images/c052.jpg,"A bright morning run on a tree-lined Bangalore trail, vivid dappled light, a runner in motion, fresh green energy Bright, vibrant, high-resolution editorial photograph, vivid natural colour, well-lit and airy, subject in sharp focus, full-frame 16:9, no black bars, no text.",wellness|fitness,morning,clear,any,timely,plan,A Bangalore favourite worth a look — keep the morning streak.,An easy way to build a routine — keep the morning streak.,Wellness you take seriously — keep the morning streak slots into your active routine.
c053,Wellness,Cycling,A weekend group ride.,"Forty kilometres, a fast crowd, breakfast as the prize.",content,content/images/c053.jpg,"A cyclist on an open bright road outside Bangalore at golden hour, vivid green countryside, freedom and fitness Bright, vibrant, high-resolution editorial photograph, vivid natural colour, well-lit and airy, subject in sharp focus, full-frame 16:9, no black bars, no text.",wellness|fitness|roadtrip,morning,clear,any,timely,book,Bangalore's weekend cycling crowd is serious — this group ride is the gateway.,An easy way to build a routine — a weekend group ride.,Wellness you take seriously — a weekend group ride slots into your active routine.
c054,Wellness,Ayurveda,An Ayurvedic evening ritual.,"Herbal salts, warm oils — an hour that resets the whole week.",content,content/images/c054.jpg,"A bright serene Ayurvedic ritual, a copper bowl of vivid herbal salts and oils on a sunlit stone shelf, spa calm Bright, vibrant, high-resolution editorial photograph, vivid natural colour, well-lit and airy, subject in sharp focus, full-frame 16:9, no black bars, no text.",wellness|calm,evening,any,any,evergreen,book,A Bangalore favourite worth a look — an ayurvedic evening ritual.,An easy way to build a routine — an ayurvedic evening ritual.,Wellness you take seriously — an ayurvedic evening ritual slots into your active routine.
c055,Wellness,Strength,A four-week strength plan.,Built around the home setup you already own — no new kit.,content,content/images/c055.jpg,"A bright modern home workout corner, a yoga mat and dumbbells by a sunlit window with plants, vivid motivating Bright, vibrant, high-resolution editorial photograph, vivid natural colour, well-lit and airy, subject in sharp focus, full-frame 16:9, no black bars, no text.",wellness|fitness,any,any,any,evergreen,learn,A Bangalore favourite worth a look — a four-week strength plan.,An easy way to build a routine — a four-week strength plan.,Wellness you take seriously — a four-week strength plan slots into your active routine.
c056,Wellness,Recovery,The cold-plunge reset.,Three minutes of cold that resets a week's fatigue.,content,content/images/c056.jpg,"A bright minimalist modern wellness studio with a cold-plunge pool, clean white and blue, vivid fresh recovery vibe Bright, vibrant, high-resolution editorial photograph, vivid natural colour, well-lit and airy, subject in sharp focus, full-frame 16:9, no black bars, no text.",wellness|fitness,any,any,any,timely,book,A Bangalore favourite worth a look — the cold-plunge reset.,An easy way to build a routine — the cold-plunge reset.,Wellness you take seriously — the cold-plunge reset slots into your active routine.
c057,Wellness,Sleep,"Wind down, properly.",A 20-minute routine that makes mornings feel handled.,content,content/images/c057.jpg,"A bright calm bedroom at dusk with warm soft lighting, cosy bedding, serene wind-down mood, vivid and restful Bright, vibrant, high-resolution editorial photograph, vivid natural colour, well-lit and airy, subject in sharp focus, full-frame 16:9, no black bars, no text.",wellness|calm,night,any,any,evergreen,learn,The city never really slows — a proper wind-down routine is the fix.,"An easy way to build a routine — wind down, properly.","Wellness you take seriously — wind down, properly slots into your active routine."
c058,Wellness,Nutrition,Eat for the monsoon.,"Warm, seasonal, immunity-friendly — food as medicine.",content,content/images/c058.jpg,"A bright colourful spread of seasonal monsoon vegetables and warm dishes, fresh vivid produce, wholesome Bright, vibrant, high-resolution editorial photograph, vivid natural colour, well-lit and airy, subject in sharp focus, full-frame 16:9, no black bars, no text.",wellness|food,any,rainy,monsoon,evergreen,learn,A Bangalore favourite worth a look — eat for the monsoon.,An easy way to build a routine — eat for the monsoon.,Wellness you take seriously — eat for the monsoon slots into your active routine.
c059,Wellness,Mental,A guided breathing break.,Five minutes that pull you out of the spin.,content,content/images/c059.jpg,"A bright serene minimalist space with soft natural light, a person seated calmly breathing, vivid peaceful mood Bright, vibrant, high-resolution editorial photograph, vivid natural colour, well-lit and airy, subject in sharp focus, full-frame 16:9, no black bars, no text.",wellness|calm|productivity,afternoon|evening,any,any,evergreen,learn,A Bangalore favourite worth a look — a guided breathing break.,An easy way to build a routine — a guided breathing break.,Wellness you take seriously — a guided breathing break slots into your active routine.
c060,Weekend,Day out,A Cubbon Park morning.,"Dappled light, chess under the trees, the city's quietest hour.",content,content/images/c060.jpg,"A bright serene morning at Cubbon Park Bangalore, vivid green rain trees, golden sunlight, a quiet stone path Bright, vibrant, high-resolution editorial photograph, vivid natural colour, well-lit and airy, subject in sharp focus, full-frame 16:9, no black bars, no text.",weekend|calm|parks,morning,clear,any,evergreen,plan,A Bangalore favourite worth a look — a cubbon park morning.,A pick that fits your modern-urbanite streak — a cubbon park morning.,Tuned to your minimalist-chic taste — a cubbon park morning.
c061,Weekend,Brunch,The garden brunch you saved.,Bottomless filter coffee under the trees — your kind of slow Sunday.,content,content/images/c061.jpg,"A lush bright garden café in Bangalore, tables under leafy trees with fairy lights, vivid dappled sun, al fresco brunch Bright, vibrant, high-resolution editorial photograph, vivid natural colour, well-lit and airy, subject in sharp focus, full-frame 16:9, no black bars, no text.",weekend|food|calm,morning|afternoon,clear,any,evergreen,book,A Bangalore favourite worth a look — the garden brunch you saved.,A pick that fits your modern-urbanite streak — the garden brunch you saved.,Tuned to your minimalist-chic taste — the garden brunch you saved.
c062,Weekend,Market,The Sunday farmers market.,"Heirloom produce, fresh flowers, the city before it wakes up.",content,content/images/c062.jpg,"A vibrant bright weekend farmers market in Bangalore, baskets of colourful produce and flowers, morning light, wholesome Bright, vibrant, high-resolution editorial photograph, vivid natural colour, well-lit and airy, subject in sharp focus, full-frame 16:9, no black bars, no text.",weekend|food|sustainability,morning,clear,any,timely,plan,The Sunday market is Bangalore at its freshest — go before the city wakes.,A pick that fits your modern-urbanite streak — the sunday farmers market.,Tuned to your minimalist-chic taste — the sunday farmers market.
c063,Weekend,Getaway,Plan the perfect weekend.,"Stays, a dinner, a drive — handled before Friday.",content,content/images/c063.jpg,"A bright aspirational weekend trip-planning scene, a map and coffee on a sunlit wooden table near a window, vivid Bright, vibrant, high-resolution editorial photograph, vivid natural colour, well-lit and airy, subject in sharp focus, full-frame 16:9, no black bars, no text.",weekend|travel|roadtrip,any,any,any,evergreen,plan,A Bangalore favourite worth a look — plan the perfect weekend.,A pick that fits your modern-urbanite streak — plan the perfect weekend.,Tuned to your minimalist-chic taste — plan the perfect weekend.
c064,Weekend,Culture crawl,A gallery-hop afternoon.,"Three shows, one neighbourhood, coffee in between.",content,content/images/c064.jpg,"A bright modern art gallery with vivid large canvases, soft daylight, people admiring art, refined cultural afternoon Bright, vibrant, high-resolution editorial photograph, vivid natural colour, well-lit and airy, subject in sharp focus, full-frame 16:9, no black bars, no text.",weekend|culture|calm,afternoon,any,any,evergreen,plan,A Bangalore favourite worth a look — a gallery-hop afternoon.,A pick that fits your modern-urbanite streak — a gallery-hop afternoon.,Tuned to your minimalist-chic taste — a gallery-hop afternoon.
c065,Weekend,Family,A day out with the kids.,Somewhere everyone actually enjoys — no negotiation needed.,content,content/images/c065.jpg,"A bright joyful family day out in a green Bangalore park, vivid sunshine, kids playing, warm wholesome energy Bright, vibrant, high-resolution editorial photograph, vivid natural colour, well-lit and airy, subject in sharp focus, full-frame 16:9, no black bars, no text.",weekend|family|parks,morning|afternoon,clear,any,evergreen,plan,A Bangalore favourite worth a look — a day out with the kids.,A pick that fits your modern-urbanite streak — a day out with the kids.,Tuned to your minimalist-chic taste — a day out with the kids.
c066,Weekend,Night out,A Friday in Indiranagar.,"Three of your saved spots, walking distance apart.",content,content/images/c066.jpg,"A vibrant Indiranagar Bangalore street at night, warm café and bar lights, fairy lights, vivid lively nightlife Bright, vibrant, high-resolution editorial photograph, vivid natural colour, well-lit and airy, subject in sharp focus, full-frame 16:9, no black bars, no text.",weekend|nightlife|food,night,any,any,timely,plan,A Bangalore favourite worth a look — a friday in indiranagar.,A pick that fits your modern-urbanite streak — a friday in indiranagar.,Tuned to your minimalist-chic taste — a friday in indiranagar.
c067,Weekend,Solo,A solo reset day.,"No plans, no people — just you and the city on easy mode.",content,content/images/c067.jpg,"A bright calm solo moment, a person enjoying a quiet café or walk in sunlit Bangalore, vivid serene independence Bright, vibrant, high-resolution editorial photograph, vivid natural colour, well-lit and airy, subject in sharp focus, full-frame 16:9, no black bars, no text.",weekend|calm,any,any,any,evergreen,inspire,A Bangalore favourite worth a look — a solo reset day.,A pick that fits your modern-urbanite streak — a solo reset day.,Tuned to your minimalist-chic taste — a solo reset day.
c068,Productivity,Focus,The Pomodoro reset.,"Twenty-five minutes of real focus, powered by sand not software.",content,content/images/c068.jpg,"A bright minimalist oak desk with a red Pomodoro timer in warm morning light, vivid clean focused workspace Bright, vibrant, high-resolution editorial photograph, vivid natural colour, well-lit and airy, subject in sharp focus, full-frame 16:9, no black bars, no text.",productivity|calm,morning|afternoon,any,any,evergreen,learn,A Bangalore favourite worth a look — the pomodoro reset.,"For getting ahead at work — the pomodoro reset, a quiet edge.","Focused and intentional — the pomodoro reset, the considered approach a creative lead backs."
c069,Productivity,Habit,"A 30-day habit, started today.","Small, daily, compounding — the only way change sticks.",content,content/images/c069.jpg,"A bright clean habit-tracker journal on a sunlit desk with coffee, vivid motivating morning, organised aesthetic Bright, vibrant, high-resolution editorial photograph, vivid natural colour, well-lit and airy, subject in sharp focus, full-frame 16:9, no black bars, no text.",productivity|life-goals,morning,any,any,evergreen,learn,"A Bangalore favourite worth a look — a 30-day habit, started today.","For getting ahead at work — a 30-day habit, started today, a quiet edge.","Focused and intentional — a 30-day habit, started today, the considered approach a creative lead backs."
c070,Productivity,Learning,Finish the course you started.,Twenty minutes a day gets you to the certificate.,content,content/images/c070.jpg,"A bright modern home study setup, a laptop showing an online course, sunlit desk with plant, vivid focused Bright, vibrant, high-resolution editorial photograph, vivid natural colour, well-lit and airy, subject in sharp focus, full-frame 16:9, no black bars, no text.",productivity|life-goals|tech,evening,any,any,evergreen,learn,A Bangalore favourite worth a look — finish the course you started.,"For getting ahead at work — finish the course you started, a quiet edge.","Focused and intentional — finish the course you started, the considered approach a creative lead backs."
c071,Productivity,Reading,Read more this month.,One chapter a night beats one big resolution.,content,content/images/c071.jpg,"A bright cosy reading nook, an open book and tea by a warm lamp, sunlit shelves behind, vivid inviting Bright, vibrant, high-resolution editorial photograph, vivid natural colour, well-lit and airy, subject in sharp focus, full-frame 16:9, no black bars, no text.",productivity|calm|books,night,any,any,evergreen,inspire,A Bangalore favourite worth a look — read more this month.,"For getting ahead at work — read more this month, a quiet edge.","Focused and intentional — read more this month, the considered approach a creative lead backs."
c072,Productivity,Money,A 15-minute money check.,"See where it goes, decide where it should — once a week.",content,content/images/c072.jpg,"A bright clean desk with a laptop showing a tidy budgeting dashboard, plant and coffee, vivid organised calm Bright, vibrant, high-resolution editorial photograph, vivid natural colour, well-lit and airy, subject in sharp focus, full-frame 16:9, no black bars, no text.",productivity|finance|life-goals,evening,any,any,evergreen,learn,A Bangalore favourite worth a look — a 15-minute money check.,"For getting ahead at work — a 15-minute money check, a quiet edge.","Focused and intentional — a 15-minute money check, the considered approach a creative lead backs."
c073,Productivity,Goals,Set the quarter's one big goal.,"Not ten resolutions — one thing, done properly.",content,content/images/c073.jpg,"A bright aspirational vision-board moment on a sunlit wall, colourful notes and images, vivid motivating Bright, vibrant, high-resolution editorial photograph, vivid natural colour, well-lit and airy, subject in sharp focus, full-frame 16:9, no black bars, no text.",productivity|life-goals,any,any,any,evergreen,inspire,The city's builders swear by one clear goal over ten resolutions.,"For getting ahead at work — set the quarter's one big goal, a quiet edge.","Focused and intentional — set the quarter's one big goal, the considered approach a creative lead backs."
c074,Productivity,Digital,A phone-free evening.,Reclaim two hours — the most underrated upgrade there is.,content,content/images/c074.jpg,"A bright warm evening scene of a phone set aside, a book and tea, cosy lamp light, vivid calm intentional mood Bright, vibrant, high-resolution editorial photograph, vivid natural colour, well-lit and airy, subject in sharp focus, full-frame 16:9, no black bars, no text.",productivity|calm|wellness,evening|night,any,any,evergreen,inspire,Reclaiming a phone-free evening is the city's quiet luxury.,"For getting ahead at work — a phone-free evening, a quiet edge.","Focused and intentional — a phone-free evening, the considered approach a creative lead backs."
c075,Productivity,Career,A skill that pays off.,The one course your future self will thank you for.,content,content/images/c075.jpg,"A bright modern co-working space, focused person at a laptop, sunlit and vivid, aspirational career energy Bright, vibrant, high-resolution editorial photograph, vivid natural colour, well-lit and airy, subject in sharp focus, full-frame 16:9, no black bars, no text.",productivity|tech|life-goals,any,any,any,evergreen,learn,A Bangalore favourite worth a look — a skill that pays off.,"For getting ahead at work — a skill that pays off, a quiet edge.","Focused and intentional — a skill that pays off, the considered approach a creative lead backs."
c076,Tech,EV,The EV you keep researching.,A weekend test drive is the obvious next move.,content,content/images/c076.jpg,"A sleek vivid electric car in a bright Bangalore driveway at golden hour, clean premium tech lifestyle, glossy Bright, vibrant, high-resolution editorial photograph, vivid natural colour, well-lit and airy, subject in sharp focus, full-frame 16:9, no black bars, no text.",tech|auto,any,any,any,evergreen,book,A Bangalore favourite worth a look — the ev you keep researching.,"You're into tech — the ev you keep researching, the kind of upgrade that earns its place on your desk.","Considered, design-led tech — the ev you keep researching, premium and unfussy."
c077,Tech,Wearable,A smarter morning run.,The watch that turns training into data you'll act on.,content,content/images/c077.jpg,"A bright close-up of a premium fitness smartwatch on a runner's wrist in morning light, vivid clean tech aesthetic Bright, vibrant, high-resolution editorial photograph, vivid natural colour, well-lit and airy, subject in sharp focus, full-frame 16:9, no black bars, no text.",tech|fitness|wellness,morning,any,any,evergreen,buy,A Bangalore favourite worth a look — a smarter morning run.,"You're into tech — a smarter morning run, the kind of upgrade that earns its place on your desk.",A scenic run for your running streak — movement with a view.
c078,Tech,Audio,"Noise-cancelling, finally worth it.",The headphones that make a noisy city disappear.,content,content/images/c078.jpg,"A bright product shot of premium over-ear headphones on a minimalist desk, vivid colour, clean modern tech Bright, vibrant, high-resolution editorial photograph, vivid natural colour, well-lit and airy, subject in sharp focus, full-frame 16:9, no black bars, no text.",tech|music|calm,any,any,any,evergreen,buy,"A Bangalore favourite worth a look — noise-cancelling, finally worth it.","You're into tech — noise-cancelling, finally worth it, the kind of upgrade that earns its place on your desk.","Considered, design-led tech — noise-cancelling, finally worth it, premium and unfussy."
c079,Tech,Reader,Think on a digital paper tablet.,The first screen that feels like writing on real paper.,content,content/images/c079.jpg,"A bright e-ink writing tablet on a linen desk in warm daylight, a hand annotating, vivid clean premium tech Bright, vibrant, high-resolution editorial photograph, vivid natural colour, well-lit and airy, subject in sharp focus, full-frame 16:9, no black bars, no text.",tech|books|productivity,evening,any,any,evergreen,buy,A Bangalore favourite worth a look — think on a digital paper tablet.,"You're into tech — think on a digital paper tablet, the kind of upgrade that earns its place on your desk.","Considered, design-led tech — think on a digital paper tablet, premium and unfussy."
c080,Tech,Smart home,A home that anticipates you.,"Lights, locks, music — one system, zero thinking.",content,content/images/c080.jpg,"A bright sleek smart-home control scene at dusk, ambient lighting and a glowing hub, vivid modern interior Bright, vibrant, high-resolution editorial photograph, vivid natural colour, well-lit and airy, subject in sharp focus, full-frame 16:9, no black bars, no text.",tech|home,evening|night,any,any,evergreen,inspire,A Bangalore favourite worth a look — a home that anticipates you.,"You're into tech — a home that anticipates you, the kind of upgrade that earns its place on your desk.","Considered, design-led tech — a home that anticipates you, premium and unfussy."
c081,Tech,Photography,Shoot your city better.,A weekend workshop that levels up your phone photos.,content,content/images/c081.jpg,"A bright street-photography moment in vivid colourful Bangalore, a person framing a shot, golden light, creative energy Bright, vibrant, high-resolution editorial photograph, vivid natural colour, well-lit and airy, subject in sharp focus, full-frame 16:9, no black bars, no text.",tech|photography|culture,any,clear,any,evergreen,learn,A Bangalore favourite worth a look — shoot your city better.,"You're into tech — shoot your city better, the kind of upgrade that earns its place on your desk.","Considered, design-led tech — shoot your city better, premium and unfussy."
c082,Tech,AI tools,Let AI run the boring bits.,Three tools that quietly give you an hour back each day.,content,content/images/c082.jpg,"A bright modern desk with a glowing laptop showing a clean AI assistant interface, vivid violet accents, futuristic calm Bright, vibrant, high-resolution editorial photograph, vivid natural colour, well-lit and airy, subject in sharp focus, full-frame 16:9, no black bars, no text.",tech|productivity,any,any,any,evergreen,learn,A Bangalore favourite worth a look — let ai run the boring bits.,"You're into tech — let ai run the boring bits, the kind of upgrade that earns its place on your desk.","Considered, design-led tech — let ai run the boring bits, premium and unfussy."
c083,Culture,Craft,The lost art of Bidriware.,A 14th-century craft that brings quiet character into a modern home.,content,content/images/c083.jpg,"A bright detailed shot of a Bidriware vase, vivid silver inlay on dark metal, warm gallery light, heritage craft Bright, vibrant, high-resolution editorial photograph, vivid natural colour, well-lit and airy, subject in sharp focus, full-frame 16:9, no black bars, no text.",culture|heritage|home,any,any,any,evergreen,inspire,A Bangalore favourite worth a look — the lost art of bidriware.,Urban cultural events are your kind of outing — the lost art of bidriware.,"Art and craft are your weekend default — the lost art of bidriware, right up your gallery-going street."
c084,Culture,Textile,The art of Mysore silk.,"Royal fabric, woven by hand, one golden thread at a time.",content,content/images/c084.jpg,"Bright vivid golden zari threads on a Mysore silk loom in a sunlit workshop, shimmering rich colour, artisanal Bright, vibrant, high-resolution editorial photograph, vivid natural colour, well-lit and airy, subject in sharp focus, full-frame 16:9, no black bars, no text.",culture|heritage|fashion,any,any,festive,evergreen,inspire,"Mysore silk is Karnataka's golden thread — woven by hand, an hour from here.",Urban cultural events are your kind of outing — the art of mysore silk.,"Art and craft are your weekend default — the art of mysore silk, right up your gallery-going street."
c085,Culture,Architecture,The Bangalore Palace facade.,"A corner of England, recreated in South India — best at golden hour.",content,content/images/c085.jpg,"The bright Tudor-revival facade of Bangalore Palace glowing in vivid golden afternoon light, grand and detailed Bright, vibrant, high-resolution editorial photograph, vivid natural colour, well-lit and airy, subject in sharp focus, full-frame 16:9, no black bars, no text.",culture|heritage|parks,afternoon,clear,any,evergreen,inspire,A Bangalore favourite worth a look — the bangalore palace facade.,Urban cultural events are your kind of outing — the bangalore palace facade.,"Art and craft are your weekend default — the bangalore palace facade, right up your gallery-going street."
c086,Culture,Temple,A heritage temple at dawn.,"Carvings, incense, and a stillness the city forgot it had.",content,content/images/c086.jpg,"An ancient South Indian stone temple at bright golden hour, vivid intricate carvings, warm light, spiritual grandeur Bright, vibrant, high-resolution editorial photograph, vivid natural colour, well-lit and airy, subject in sharp focus, full-frame 16:9, no black bars, no text.",culture|heritage|calm,morning,clear,any,evergreen,inspire,A Bangalore favourite worth a look — a heritage temple at dawn.,Rama Navami at the temple — a moment from your own calendar.,"Art and craft are your weekend default — a heritage temple at dawn, right up your gallery-going street."
c087,Culture,Museum,A new museum show.,Two hours that make you see the city differently.,content,content/images/c087.jpg,"A bright modern museum gallery with vivid exhibits and soft lighting, people exploring, refined cultural space Bright, vibrant, high-resolution editorial photograph, vivid natural colour, well-lit and airy, subject in sharp focus, full-frame 16:9, no black bars, no text.",culture|heritage,afternoon,any,any,timely,plan,A Bangalore favourite worth a look — a new museum show.,Urban cultural events are your kind of outing — a new museum show.,"Art and craft are your weekend default — a new museum show, right up your gallery-going street."
c088,Culture,Local history,The story under your street.,"Bangalore's layers — cantonment, gardens, tech — in one walk.",content,content/images/c088.jpg,"A bright heritage walking tour through old Bangalore streets, vivid colonial architecture, golden daylight, curious mood Bright, vibrant, high-resolution editorial photograph, vivid natural colour, well-lit and airy, subject in sharp focus, full-frame 16:9, no black bars, no text.",culture|heritage|parks,morning|afternoon,clear,any,evergreen,learn,A Bangalore favourite worth a look — the story under your street.,Urban cultural events are your kind of outing — the story under your street.,"Art and craft are your weekend default — the story under your street, right up your gallery-going street."
c089,Culture,Language,Learn enough Kannada to matter.,The phrases that make this city feel like home.,content,content/images/c089.jpg,"A bright warm scene of local Bangalore life, a friendly street interaction, vivid colourful everyday culture Bright, vibrant, high-resolution editorial photograph, vivid natural colour, well-lit and airy, subject in sharp focus, full-frame 16:9, no black bars, no text.",culture|life-goals|heritage,any,any,any,evergreen,learn,A Bangalore favourite worth a look — learn enough kannada to matter.,Urban cultural events are your kind of outing — learn enough kannada to matter.,"Art and craft are your weekend default — learn enough kannada to matter, right up your gallery-going street."
c090,Weather,Now,A rainy Bangalore evening.,"Cool monsoon air, the city slowing down — made for staying in.",weather,content/images/c090.jpg,"A bright cosy rainy Bangalore evening through a window, warm lamp inside, vivid city bokeh beyond glass, inviting Bright, vibrant, high-resolution editorial photograph, vivid natural colour, well-lit and airy, subject in sharp focus, full-frame 16:9, no black bars, no text.",calm|home,evening|night,rainy,monsoon,timely,inspire,A Bangalore favourite worth a look — a rainy bangalore evening.,A pick that fits your modern-urbanite streak — a rainy bangalore evening.,Tuned to your minimalist-chic taste — a rainy bangalore evening.
c091,Weather,Clear morning,A rare bright morning.,The rain breaks — a window for everything outdoors.,weather,content/images/c091.jpg,"A bright crisp clear morning in green Bangalore, vivid blue sky, sunlit trees, fresh energetic outdoor mood Bright, vibrant, high-resolution editorial photograph, vivid natural colour, well-lit and airy, subject in sharp focus, full-frame 16:9, no black bars, no text.",calm|fitness|parks,morning,clear,any,timely,plan,A Bangalore favourite worth a look — a rare bright morning.,An easy way to build a routine — a rare bright morning.,Wellness you take seriously — a rare bright morning slots into your active routine.
c092,Weather,Hot afternoon,Beat the afternoon heat.,"Cool rooms, cold coffee, the smart way to wait it out.",weather,content/images/c092.jpg,"A bright airy café interior offering cool respite, vivid iced coffee, fans and plants, sunlit but refreshing Bright, vibrant, high-resolution editorial photograph, vivid natural colour, well-lit and airy, subject in sharp focus, full-frame 16:9, no black bars, no text.",calm|food|cafes,afternoon,clear,summer,timely,inspire,A Bangalore favourite worth a look — beat the afternoon heat.,A pick that fits your modern-urbanite streak — beat the afternoon heat.,Tuned to your minimalist-chic taste — beat the afternoon heat.
c093,Weather,Pleasant,Bangalore at its best.,The weather this city is famous for — don't waste it indoors.,weather,content/images/c093.jpg,"A bright idyllic pleasant Bangalore evening, vivid green park and golden light, people outdoors, perfect weather Bright, vibrant, high-resolution editorial photograph, vivid natural colour, well-lit and airy, subject in sharp focus, full-frame 16:9, no black bars, no text.",parks|calm|weekend,afternoon|evening,clear,any,timely,plan,A Bangalore favourite worth a look — bangalore at its best.,A pick that fits your modern-urbanite streak — bangalore at its best.,Tuned to your minimalist-chic taste — bangalore at its best.
c094,Weather,Storm,A dramatic monsoon sky.,Big clouds rolling in — the city's free light show.,weather,content/images/c094.jpg,"A dramatic bright monsoon sky over Bangalore, vivid layered clouds at golden hour, cinematic but luminous, awe Bright, vibrant, high-resolution editorial photograph, vivid natural colour, well-lit and airy, subject in sharp focus, full-frame 16:9, no black bars, no text.",calm|home,evening,rainy,monsoon,timely,inspire,A Bangalore favourite worth a look — a dramatic monsoon sky.,A pick that fits your modern-urbanite streak — a dramatic monsoon sky.,Tuned to your minimalist-chic taste — a dramatic monsoon sky.
c095,Pets,Care,A weekend with your dog.,"Cafés, parks and trails that actually want them there.",content,content/images/c095.jpg,"A bright joyful scene of a happy dog at a pet-friendly Bangalore café garden, vivid sunshine, warm wholesome energy Bright, vibrant, high-resolution editorial photograph, vivid natural colour, well-lit and airy, subject in sharp focus, full-frame 16:9, no black bars, no text.",pets|weekend|parks,morning|afternoon,clear,any,evergreen,plan,A Bangalore favourite worth a look — a weekend with your dog.,A pick that fits your modern-urbanite streak — a weekend with your dog.,Tuned to your minimalist-chic taste — a weekend with your dog.
c096,Pets,Adoption,Meet an adoptable friend.,"A weekend adoption drive — your next family member, maybe.",content,content/images/c096.jpg,"A bright heartwarming pet adoption event, adorable rescue animals, happy people, vivid joyful daylight Bright, vibrant, high-resolution editorial photograph, vivid natural colour, well-lit and airy, subject in sharp focus, full-frame 16:9, no black bars, no text.",pets|family,any,any,any,timely,inspire,A Bangalore favourite worth a look — meet an adoptable friend.,A pick that fits your modern-urbanite streak — meet an adoptable friend.,Tuned to your minimalist-chic taste — meet an adoptable friend.
c097,Finance,Investing,"Start investing, finally.",The 20-minute setup that future-you will be grateful for.,content,content/images/c097.jpg,"A bright clean modern scene of a person reviewing investments on a tablet, sunlit desk, vivid calm confident mood Bright, vibrant, high-resolution editorial photograph, vivid natural colour, well-lit and airy, subject in sharp focus, full-frame 16:9, no black bars, no text.",finance|life-goals|productivity,evening,any,any,evergreen,learn,"A Bangalore favourite worth a look — start investing, finally.","Quality over quantity, for the long game.","Investment-piece thinking — exactly how you already shop, applied wider."
c098,Finance,Saving,A smarter way to save.,"Automate it once, forget it, watch it grow.",content,content/images/c098.jpg,"A bright aspirational still life symbolising savings and growth, a plant and coins in sunlight, vivid optimistic Bright, vibrant, high-resolution editorial photograph, vivid natural colour, well-lit and airy, subject in sharp focus, full-frame 16:9, no black bars, no text.",finance|life-goals,any,any,any,evergreen,learn,A Bangalore favourite worth a look — a smarter way to save.,"Quality over quantity, for the long game.","Investment-piece thinking — exactly how you already shop, applied wider."
c099,Beauty,Skincare,A monsoon skincare reset.,What the humidity demands — simpler than you think.,content,content/images/c099.jpg,"A bright clean flat-lay of minimalist skincare products on a marble surface, vivid fresh, soft daylight, premium Bright, vibrant, high-resolution editorial photograph, vivid natural colour, well-lit and airy, subject in sharp focus, full-frame 16:9, no black bars, no text.",beauty|wellness,any,rainy,monsoon,evergreen,learn,A Bangalore favourite worth a look — a monsoon skincare reset.,A pick that fits your modern-urbanite streak — a monsoon skincare reset.,A dewy-glow routine for your warm undertones — premium and pared-back.
c100,Beauty,Spa,"A spa afternoon, earned.",Two hours that undo a hard week.,content,content/images/c100.jpg,"A bright serene luxury spa interior, vivid soft tones, candles and towels, calm rejuvenating premium atmosphere Bright, vibrant, high-resolution editorial photograph, vivid natural colour, well-lit and airy, subject in sharp focus, full-frame 16:9, no black bars, no text.",beauty|wellness|calm,afternoon,any,any,evergreen,book,"A Bangalore favourite worth a look — a spa afternoon, earned.","A pick that fits your modern-urbanite streak — a spa afternoon, earned.",A dewy-glow routine for your warm undertones — premium and pared-back.
c101,Social,Date night,"A date night, planned.","Dinner, a walk, a view — the effort that gets noticed.",content,content/images/c101.jpg,"A bright romantic rooftop dinner setting at dusk in Bangalore, vivid warm string lights, two glasses, intimate elegant Bright, vibrant, high-resolution editorial photograph, vivid natural colour, well-lit and airy, subject in sharp focus, full-frame 16:9, no black bars, no text.",social|food|nightlife,evening|night,clear|any,any,evergreen,plan,"A Bangalore favourite worth a look — a date night, planned.","Rooftops and good company are your scene — a date night, planned, the easy Friday plan.","A cultured, aspirational night — a date night, planned, your kind of evening out."
c102,Social,Reconnect,Catch up with an old friend.,The coffee you keep meaning to schedule — do it this week.,content,content/images/c102.jpg,"A bright warm café scene of two friends laughing over coffee, vivid daylight, genuine joyful connection Bright, vibrant, high-resolution editorial photograph, vivid natural colour, well-lit and airy, subject in sharp focus, full-frame 16:9, no black bars, no text.",social|calm|cafes,afternoon|evening,any,any,evergreen,plan,A Bangalore favourite worth a look — catch up with an old friend.,"Rooftops and good company are your scene — catch up with an old friend, the easy Friday plan.","A cultured, aspirational night — catch up with an old friend, your kind of evening out."
c103,Social,Host,Host a small dinner.,"Six people, one good meal — the most underrated joy.",content,content/images/c103.jpg,"A bright warm home dinner party, a beautifully set table with vivid food and candles, friends gathered, joyful Bright, vibrant, high-resolution editorial photograph, vivid natural colour, well-lit and airy, subject in sharp focus, full-frame 16:9, no black bars, no text.",social|food|home,evening|night,any,any,evergreen,plan,A Bangalore favourite worth a look — host a small dinner.,"Rooftops and good company are your scene — host a small dinner, the easy Friday plan.","A cultured, aspirational night — host a small dinner, your kind of evening out."
c104,Gaming,Retro,The perfect retro corner.,"An arcade cabinet, pixel glow, the classics made new.",content,content/images/c104.jpg,"A bright stylish room with a classic arcade cabinet glowing with vivid pixel art, warm retro-gaming corner, cool aesthetic Bright, vibrant, high-resolution editorial photograph, vivid natural colour, well-lit and airy, subject in sharp focus, full-frame 16:9, no black bars, no text.",gaming|entertainment|make,evening|night,any,any,evergreen,inspire,A Bangalore favourite worth a look — the perfect retro corner.,A pick that fits your modern-urbanite streak — the perfect retro corner.,Tuned to your minimalist-chic taste — the perfect retro corner.
c105,Gaming,Co-op,A game night in.,"Couch co-op, snacks, and friendly trash talk.",content,content/images/c105.jpg,"A bright cosy living room game night, friends with controllers, vivid TV glow, snacks, joyful social energy Bright, vibrant, high-resolution editorial photograph, vivid natural colour, well-lit and airy, subject in sharp focus, full-frame 16:9, no black bars, no text.",gaming|social|entertainment,night,rainy|any,any,evergreen,plan,A Bangalore favourite worth a look — a game night in.,A pick that fits your modern-urbanite streak — a game night in.,Tuned to your minimalist-chic taste — a game night in.
c106,Sustainability,Green living,A lower-waste week.,"Five swaps that stick — small, doable, genuinely greener.",content,content/images/c106.jpg,"A bright clean flat-lay of sustainable everyday swaps, vivid natural materials, sunlit, fresh eco-conscious aesthetic Bright, vibrant, high-resolution editorial photograph, vivid natural colour, well-lit and airy, subject in sharp focus, full-frame 16:9, no black bars, no text.",sustainability|life-goals|home,any,any,any,evergreen,learn,A Bangalore favourite worth a look — a lower-waste week.,A pick that fits your modern-urbanite streak — a lower-waste week.,Tuned to your minimalist-chic taste — a lower-waste week.
c107,Sustainability,Community,A neighbourhood clean-up.,A Saturday morning that makes your patch of the city better.,content,content/images/c107.jpg,"A bright uplifting community clean-up in a green Bangalore neighbourhood, vivid daylight, volunteers, positive energy Bright, vibrant, high-resolution editorial photograph, vivid natural colour, well-lit and airy, subject in sharp focus, full-frame 16:9, no black bars, no text.",sustainability|weekend|social,morning,clear,any,timely,plan,A Bangalore favourite worth a look — a neighbourhood clean-up.,A pick that fits your modern-urbanite streak — a neighbourhood clean-up.,Tuned to your minimalist-chic taste — a neighbourhood clean-up.
c108,Family,Kids,A rainy-day with the kids.,Indoor adventures that beat another hour of screens.,content,content/images/c108.jpg,"A bright cheerful indoor scene of kids doing a craft activity at home, vivid colourful, warm joyful family moment Bright, vibrant, high-resolution editorial photograph, vivid natural colour, well-lit and airy, subject in sharp focus, full-frame 16:9, no black bars, no text.",family|home,afternoon,rainy,monsoon,evergreen,plan,A Bangalore favourite worth a look — a rainy-day with the kids.,A pick that fits your modern-urbanite streak — a rainy-day with the kids.,Tuned to your minimalist-chic taste — a rainy-day with the kids.
c109,Family,Together,A screen-free family evening.,"One board game, zero phones — the night everyone remembers.",content,content/images/c109.jpg,"A bright warm family evening around a board game at home, vivid cosy lighting, laughter, wholesome togetherness Bright, vibrant, high-resolution editorial photograph, vivid natural colour, well-lit and airy, subject in sharp focus, full-frame 16:9, no black bars, no text.",family|home|social,evening,any,any,evergreen,inspire,A Bangalore favourite worth a look — a screen-free family evening.,A pick that fits your modern-urbanite streak — a screen-free family evening.,Tuned to your minimalist-chic taste — a screen-free family evening.
c110,Curiosity,Astronomy,A stargazing night drive.,"Clear skies, a new moon — the universe, two hours out.",content,content/images/c110.jpg,"A bright vivid star-filled night sky over a dark Bangalore outskirt, the Milky Way clear, a silhouette gazing up, awe Bright, vibrant, high-resolution editorial photograph, vivid natural colour, well-lit and airy, subject in sharp focus, full-frame 16:9, no black bars, no text.",curiosity|travel|nature,night,clear,any,timely,plan,A Bangalore favourite worth a look — a stargazing night drive.,A pick that fits your modern-urbanite streak — a stargazing night drive.,Tuned to your minimalist-chic taste — a stargazing night drive.
c111,Curiosity,Science,A planetarium evening.,"Look up, feel small, leave a little wiser.",content,content/images/c111.jpg,"A bright immersive planetarium dome with vivid projected stars and galaxies, awe-struck visitors, cosmic wonder Bright, vibrant, high-resolution editorial photograph, vivid natural colour, well-lit and airy, subject in sharp focus, full-frame 16:9, no black bars, no text.",curiosity|family|culture,evening,any,any,evergreen,plan,A Bangalore favourite worth a look — a planetarium evening.,A pick that fits your modern-urbanite streak — a planetarium evening.,Tuned to your minimalist-chic taste — a planetarium evening.
c112,Auto,Classic drive,A vintage coastal drive.,Just the engine and the waves — a weekend in another era.,content,content/images/c112.jpg,"A bright vivid classic car gliding along a sunlit coastal road near Mangalore, blue sea, golden light, freedom Bright, vibrant, high-resolution editorial photograph, vivid natural colour, well-lit and airy, subject in sharp focus, full-frame 16:9, no black bars, no text.",auto|travel|roadtrip,morning,clear,any,evergreen,inspire,A Bangalore favourite worth a look — a vintage coastal drive.,A pick that fits your modern-urbanite streak — a vintage coastal drive.,Tuned to your minimalist-chic taste — a vintage coastal drive.
c113,Auto,Care,Monsoon-ready your car.,The 20-minute check that saves a soggy breakdown.,content,content/images/c113.jpg,"A bright clean shot of a well-maintained car in a sunlit Bangalore driveway, vivid, fresh, dependable mood Bright, vibrant, high-resolution editorial photograph, vivid natural colour, well-lit and airy, subject in sharp focus, full-frame 16:9, no black bars, no text.",auto|tech,any,rainy,monsoon,timely,learn,A Bangalore favourite worth a look — monsoon-ready your car.,A pick that fits your modern-urbanite streak — monsoon-ready your car.,Tuned to your minimalist-chic taste — monsoon-ready your car.
c114,Books,Reading,An evening with a writer.,"The novelist you follow, reading live at your local.",content,content/images/c114.jpg,"A bright cosy indie bookstore author event, warm shelves and vivid books, an engaged small audience, literary warmth Bright, vibrant, high-resolution editorial photograph, vivid natural colour, well-lit and airy, subject in sharp focus, full-frame 16:9, no black bars, no text.",books|culture|calm,evening,any,any,timely,book,A Bangalore favourite worth a look — an evening with a writer.,A pick that fits your modern-urbanite streak — an evening with a writer.,Tuned to your minimalist-chic taste — an evening with a writer.
c115,Books,Discovery,Your next great read.,The book three people whose taste you trust all loved.,content,content/images/c115.jpg,"A bright charming independent bookstore interior, vivid warm wooden shelves stacked with books, golden afternoon light Bright, vibrant, high-resolution editorial photograph, vivid natural colour, well-lit and airy, subject in sharp focus, full-frame 16:9, no black bars, no text.",books|calm|life-goals,night,rainy|any,any,evergreen,inspire,A Bangalore favourite worth a look — your next great read.,A pick that fits your modern-urbanite streak — your next great read.,Tuned to your minimalist-chic taste — your next great read.
c116,Music,Discovery,A playlist for the rain.,"Sound matched to the weather, made for tonight.",content,content/images/c116.jpg,"A bright cosy scene of headphones and a glowing phone showing a music playlist by a rainy window, vivid warm intimate Bright, vibrant, high-resolution editorial photograph, vivid natural colour, well-lit and airy, subject in sharp focus, full-frame 16:9, no black bars, no text.",music|calm|home,evening|night,rainy,monsoon,evergreen,inspire,A Bangalore favourite worth a look — a playlist for the rain.,A pick that fits your modern-urbanite streak — a playlist for the rain.,The ukulele you keep meaning to play — a creative reset that's so you.
c117,Music,Learn,Pick up an instrument.,The guitar in the corner deserves a Sunday.,content,content/images/c117.jpg,"A bright warm scene of an acoustic guitar in a sunlit living room, vivid inviting, creative weekend mood Bright, vibrant, high-resolution editorial photograph, vivid natural colour, well-lit and airy, subject in sharp focus, full-frame 16:9, no black bars, no text.",music|make|life-goals,afternoon|evening,any,any,evergreen,learn,A Bangalore favourite worth a look — pick up an instrument.,A pick that fits your modern-urbanite streak — pick up an instrument.,The ukulele you keep meaning to play — a creative reset that's so you.
c118,Community,Give back,Volunteer a Saturday.,Two hours that matter more than the brunch you'd skip.,content,content/images/c118.jpg,"A bright uplifting volunteering scene in Bangalore, vivid daylight, people helping together, warm purposeful energy Bright, vibrant, high-resolution editorial photograph, vivid natural colour, well-lit and airy, subject in sharp focus, full-frame 16:9, no black bars, no text.",community|social|life-goals,morning,clear|any,any,evergreen,plan,A Bangalore favourite worth a look — volunteer a saturday.,A pick that fits your modern-urbanite streak — volunteer a saturday.,Tuned to your minimalist-chic taste — volunteer a saturday.
c119,Gardening,Balcony,A balcony herb garden.,"Fresh basil and mint, ten steps from the kitchen.",content,content/images/c119.jpg,"A bright sunlit balcony herb garden in Bangalore, vivid green basil and mint in pots, fresh wholesome morning Bright, vibrant, high-resolution editorial photograph, vivid natural colour, well-lit and airy, subject in sharp focus, full-frame 16:9, no black bars, no text.",gardening|home|food|sustainability,morning,any,any,evergreen,learn,A Bangalore favourite worth a look — a balcony herb garden.,A pick that fits your modern-urbanite streak — a balcony herb garden.,Tuned to your minimalist-chic taste — a balcony herb garden.
c120,Festival,Seasonal,The city dressed for festival.,"Lights, markets, sweets — the season's at its peak.",content,content/images/c120.jpg,"A bright vibrant Bangalore street during festival season, vivid lights and decorations, joyful crowds, celebratory glow Bright, vibrant, high-resolution editorial photograph, vivid natural colour, well-lit and airy, subject in sharp focus, full-frame 16:9, no black bars, no text.",festival|culture|food|family,evening|night,any,festive,timely,inspire,A Bangalore favourite worth a look — the city dressed for festival.,A pick that fits your modern-urbanite streak — the city dressed for festival.,Tuned to your minimalist-chic taste — the city dressed for festival.
c121,Culture,South Indian Culinary Traditions,The Coorgi Coffee Ritual,A slow drip method that turns a simple coffee break into a mindful pause,content,content/images/c121.webp,"Traditional brass filter coffee brewing in soft afternoon window light Bright, vibrant, high-resolution editorial photograph, vivid natural colour, well-lit and airy, subject in sharp focus, full-frame 16:9, no black bars, no text.",food|culture,any,any,any,evergreen,inspire,The slow brass-filter ritual is peak Bangalore — a mindful pause in a cup.,Urban cultural events are your kind of outing — the coorgi coffee ritual.,"Art and craft are your weekend default — the coorgi coffee ritual, right up your gallery-going street."
c122,Tech,Contemporary Indian Workspace Innovation,"The Smart Desk, Seamless",Ergonomics and tech so integrated you don't even notice it's there,content,content/images/c122.webp,"Minimalist oak smart desk in a sunlit Bangalore apartment Bright, vibrant, high-resolution editorial photograph, vivid natural colour, well-lit and airy, subject in sharp focus, full-frame 16:9, no black bars, no text.",culture|tech|wellness,any,any,any,evergreen,inspire,"A Bangalore favourite worth a look — the smart desk, seamless.","You're into tech — the smart desk, seamless, the kind of upgrade that earns its place on your desk.","Considered, design-led tech — the smart desk, seamless, premium and unfussy."
c123,Culinary,Modern Indian Culinary Technology,Your Smart Coffee Machine,"It remembers how you like your coffee, even when you don't",content,content/images/c123.webp,"Sleek smart coffee machine on a marble island, filled with warm afternoon light. Bright, vibrant, high-resolution editorial photograph, vivid natural colour, well-lit and airy, subject in sharp focus, full-frame 16:9, no black bars, no text.",food|culture|tech,any,any,any,evergreen,inspire,A Bangalore favourite worth a look — your smart coffee machine.,A pick that fits your modern-urbanite streak — your smart coffee machine.,Tuned to your minimalist-chic taste — your smart coffee machine.
c124,Hobbies,Biophilic Design & Urban Home Hobbies,"Iwagumi, The Living Art",A minimalist underwater garden that brings a deep sense of calm to your desk,content,content/images/c124.webp,"A pristine Iwagumi aquascape on a minimalist desk, bathed in warm afternoon light. Bright, vibrant, high-resolution editorial photograph, vivid natural colour, well-lit and airy, subject in sharp focus, full-frame 16:9, no black bars, no text.",culture|tech|entertainment|wellness,any,any,any,evergreen,inspire,"Desk aquascapes are the city's new calm-hobby obsession — living art, low effort.","A pick that fits your modern-urbanite streak — iwagumi, the living art.","Tuned to your minimalist-chic taste — iwagumi, the living art."
c125,Entertainment,Urban Indian Retro-Gaming Revival,The Perfect Retro Corner,"A classic arcade cabinet in a stylish room, its screen glowing with pixel art in the afternoon light.",content,content/images/c125.webp,"That dedicated space where the classics feel brand new again Bright, vibrant, high-resolution editorial photograph, vivid natural colour, well-lit and airy, subject in sharp focus, full-frame 16:9, no black bars, no text.",entertainment|wellness,any,any,any,evergreen,inspire,A Bangalore favourite worth a look — the perfect retro corner.,"Where the city's tech-and-culture crowd goes — the perfect retro corner, your scene.","A cultured, aspirational night — the perfect retro corner, your kind of evening out."
c126,Indian Artistic Heritage,,The Lost Art Of Bidriware,This 14th-century Persian craft uses Indian soil to create its signature black,content,content/images/c126.webp,"A single Bidriware vase, its silver patterns glowing on black metal in soft light. Bright, vibrant, high-resolution editorial photograph, vivid natural colour, well-lit and airy, subject in sharp focus, full-frame 16:9, no black bars, no text.",culture,any,any,any,evergreen,inspire,A Bangalore favourite worth a look — the lost art of bidriware.,A pick that fits your modern-urbanite streak — the lost art of bidriware.,Tuned to your minimalist-chic taste — the lost art of bidriware.
c127,Urban Retreats for Music Lovers,,The Vinyl Collecting Ritual,"It's not about the playlist, it's about the one record you can't find anywhere else",content,content/images/c127.webp,"A rare vinyl record spins on a sophisticated turntable in a quiet, sunlit room, creating a moment of pure focus. Bright, vibrant, high-resolution editorial photograph, vivid natural colour, well-lit and airy, subject in sharp focus, full-frame 16:9, no black bars, no text.",entertainment|productivity|calm,any,any,any,evergreen,inspire,"Vinyl collecting is back in Bangalore — it's about the one record, not the playlist.",A pick that fits your modern-urbanite streak — the vinyl collecting ritual.,Tuned to your minimalist-chic taste — the vinyl collecting ritual.
c128,Elevated Digital Reading & Personal Annotation,,Think On The Kindle Scribe,The first digital reader that feels like writing on real paper,content,content/images/c128.webp,"Kindle Scribe on a linen desk in warm afternoon light Bright, vibrant, high-resolution editorial photograph, vivid natural colour, well-lit and airy, subject in sharp focus, full-frame 16:9, no black bars, no text.",tech|productivity,any,any,any,evergreen,inspire,A Bangalore favourite worth a look — think on the kindle scribe.,A pick that fits your modern-urbanite streak — think on the kindle scribe.,Tuned to your minimalist-chic taste — think on the kindle scribe.
c129,Holistic Wellness & Ancient Indian Rituals,Wellness,An Ayurvedic Bath Ritual,"Herbal salts in a copper bowl, a simple way to reset the afternoon",content,content/images/c129.webp,"A copper bowl of vibrant herbal bath salts resting on a sunlit natural stone shelf. Bright, vibrant, high-resolution editorial photograph, vivid natural colour, well-lit and airy, subject in sharp focus, full-frame 16:9, no black bars, no text.",wellness,any,any,any,evergreen,inspire,A Bangalore favourite worth a look — an ayurvedic bath ritual.,A pick that fits your modern-urbanite streak — an ayurvedic bath ritual.,Tuned to your minimalist-chic taste — an ayurvedic bath ritual.
c130,Karnataka Cycling Escapades,Sports,Ride The Nandi Hills Ascent,The classic Bangalore weekend ride that tests your legs and rewards your eyes,content,content/images/c130.webp,"A lone cyclist ascends a winding mountain road at golden hour. Bright, vibrant, high-resolution editorial photograph, vivid natural colour, well-lit and airy, subject in sharp focus, full-frame 16:9, no black bars, no text.",fitness,any,any,any,evergreen,inspire,"The Nandi ascent is the city's benchmark ride — legs tested, views earned.",An easy way to build a routine — ride the nandi hills ascent.,Wellness you take seriously — ride the nandi hills ascent slots into your active routine.
c131,Restaurants,South Indian Culinary Heritage,Lunch At Karavalli,"A taste of the coast, served right in the heart of Bangalore",content,content/images/c131.webp,"A traditional coastal thali served on a banana leaf in Karavalli's elegant, open-air dining space. Bright, vibrant, high-resolution editorial photograph, vivid natural colour, well-lit and airy, subject in sharp focus, full-frame 16:9, no black bars, no text.",food|culture|wellness,any,any,any,evergreen,inspire,A Bangalore favourite worth a look — lunch at karavalli.,A pick that fits your modern-urbanite streak — lunch at karavalli.,Tuned to your minimalist-chic taste — lunch at karavalli.
c132,Architecture,Iconic Indian Royal Architecture,The Bangalore Palace Facade,"A corner of England's Windsor Castle, recreated in the heart of South India",content,content/images/c132.webp,"Tudor-revival facade of Bangalore Palace glowing in golden afternoon light. Bright, vibrant, high-resolution editorial photograph, vivid natural colour, well-lit and airy, subject in sharp focus, full-frame 16:9, no black bars, no text.",culture,any,any,any,evergreen,inspire,A Bangalore favourite worth a look — the bangalore palace facade.,A pick that fits your modern-urbanite streak — the bangalore palace facade.,Tuned to your minimalist-chic taste — the bangalore palace facade.
c133,Mindful Domestic Arts & Craftsmanship,,Frame A Moment In Hoop Art,"Turning a quiet afternoon into a small, beautiful piece of personal art",content,content/images/c133.webp,"Vibrant silk embroidery on linen, held in a wooden hoop by a sunlit window. Bright, vibrant, high-resolution editorial photograph, vivid natural colour, well-lit and airy, subject in sharp focus, full-frame 16:9, no black bars, no text.",culture|entertainment|calm,any,any,any,evergreen,inspire,A Bangalore favourite worth a look — frame a moment in hoop art.,A pick that fits your modern-urbanite streak — frame a moment in hoop art.,Tuned to your minimalist-chic taste — frame a moment in hoop art.
c134,Mindfulness & Strategic Leisure,,A Cubbon Park Chess Game,The city fades away and only the next move matters,content,content/images/c134.webp,"A wooden chess piece on a marble board in dappled park sunlight. Bright, vibrant, high-resolution editorial photograph, vivid natural colour, well-lit and airy, subject in sharp focus, full-frame 16:9, no black bars, no text.",entertainment|calm,any,any,any,evergreen,inspire,A Bangalore favourite worth a look — a cubbon park chess game.,A pick that fits your modern-urbanite streak — a cubbon park chess game.,Tuned to your minimalist-chic taste — a cubbon park chess game.
c135,Urban Biophilic Tech Innovations,,A Smart Sensor For Plants,"It tells you exactly when to water, so you never have to guess again",content,content/images/c135.webp,"Sleek smart sensor on an oak shelf, monitoring a thriving indoor plant in the afternoon sun. Bright, vibrant, high-resolution editorial photograph, vivid natural colour, well-lit and airy, subject in sharp focus, full-frame 16:9, no black bars, no text.",culture|tech,any,any,any,evergreen,inspire,A Bangalore favourite worth a look — a smart sensor for plants.,A pick that fits your modern-urbanite streak — a smart sensor for plants.,Tuned to your minimalist-chic taste — a smart sensor for plants.
c136,Iconic South Indian Culinary Destinations,,The MTR Rava Idli Ritual,The one dish that defines Bangalore's old-school tiffin culture,content,content/images/c136.webp,"Golden Rava Idli with ghee, iconic Bangalore diner afternoon. Bright, vibrant, high-resolution editorial photograph, vivid natural colour, well-lit and airy, subject in sharp focus, full-frame 16:9, no black bars, no text.",food,any,any,any,evergreen,inspire,A Bangalore favourite worth a look — the mtr rava idli ritual.,A pick that fits your modern-urbanite streak — the mtr rava idli ritual.,Tuned to your minimalist-chic taste — the mtr rava idli ritual.
c137,Luxury,Indian Luxury Hospitality Interiors,"Stay At The Paul, Bangalore",Where classic European architecture meets quiet Bangalore luxury,content,content/images/c137.webp,"Sunlit suite at The Paul Bangalore with polished wood and velvet armchair Bright, vibrant, high-resolution editorial photograph, vivid natural colour, well-lit and airy, subject in sharp focus, full-frame 16:9, no black bars, no text.",travel,any,any,any,evergreen,inspire,"A Bangalore favourite worth a look — stay at the paul, bangalore.","A pick that fits your modern-urbanite streak — stay at the paul, bangalore.","Tuned to your minimalist-chic taste — stay at the paul, bangalore."
c138,Bangalore's Modern Culinary Excellence,,Eat At Toast And Tonic,Where every plate is a work of art assembled right before your eyes,content,content/images/c138.webp,"Chef's hands plating a vibrant dish in a sunlit kitchen. Bright, vibrant, high-resolution editorial photograph, vivid natural colour, well-lit and airy, subject in sharp focus, full-frame 16:9, no black bars, no text.",food,any,any,any,evergreen,inspire,A Bangalore favourite worth a look — eat at toast and tonic.,A pick that fits your modern-urbanite streak — eat at toast and tonic.,Tuned to your minimalist-chic taste — eat at toast and tonic.
c139,Futuristic Urban Wellness in India,,The Cryotherapy Upgrade,Frosted cryotherapy pod emitting cold vapor in a minimalist white spa.,content,content/images/c139.webp,"Three minutes of intense cold that can reset your entire week's recovery Bright, vibrant, high-resolution editorial photograph, vivid natural colour, well-lit and airy, subject in sharp focus, full-frame 16:9, no black bars, no text.",wellness,any,any,any,evergreen,inspire,A Bangalore favourite worth a look — the cryotherapy upgrade.,A pick that fits your modern-urbanite streak — the cryotherapy upgrade.,Tuned to your minimalist-chic taste — the cryotherapy upgrade.
c140,Indian Textile Heritage,,The Art Of Mysore Silk,"This royal fabric is still woven by hand, one golden thread at a time",content,content/images/c140.webp,"Golden zari threads on a Mysore silk loom in a sunlit workshop Bright, vibrant, high-resolution editorial photograph, vivid natural colour, well-lit and airy, subject in sharp focus, full-frame 16:9, no black bars, no text.",culture,any,any,any,evergreen,inspire,A Bangalore favourite worth a look — the art of mysore silk.,A pick that fits your modern-urbanite streak — the art of mysore silk.,Tuned to your minimalist-chic taste — the art of mysore silk.
c141,Productivity,Mindful Productivity in India's Tech Hubs,The Pomodoro Timer Edit,"Twenty-five minutes of pure, uninterrupted focus, powered by sand, not software",content,content/images/c141.webp,"Red Pomodoro timer on an oak desk in warm morning light Bright, vibrant, high-resolution editorial photograph, vivid natural colour, well-lit and airy, subject in sharp focus, full-frame 16:9, no black bars, no text.",tech|productivity|calm,any,any,any,evergreen,inspire,A Bangalore favourite worth a look — the pomodoro timer edit.,"For getting ahead at work — the pomodoro timer edit, a quiet edge.","Focused and intentional — the pomodoro timer edit, the considered approach a creative lead backs."
c142,Auto,Coastal Grandeur: India's Classic Drives,The Konkan Vintage Drive,The only sound is the classic engine and the waves of the Arabian Sea,content,content/images/c142.webp,"A classic car glides along a sun-drenched Mangalore coastal road at dawn. Bright, vibrant, high-resolution editorial photograph, vivid natural colour, well-lit and airy, subject in sharp focus, full-frame 16:9, no black bars, no text.",roadtrip,any,any,any,evergreen,inspire,A Bangalore favourite worth a look — the konkan vintage drive.,A pick that fits your modern-urbanite streak — the konkan vintage drive.,Tuned to your minimalist-chic taste — the konkan vintage drive.
c143,Fashion,Workwear,The champagne-silk workday.,"A champagne blouse and sage tailoring — desk to dinner, no change.",shop,content/images/c143.jpg,"An editorial photo of an elegant petite woman in a champagne silk blouse and tailored sage-green trousers in a bright modern creative office, refined minimalist styling, sophisticated Bright, vibrant, high-resolution editorial photograph, vivid natural colour, well-lit and airy, subject in sharp focus, full-frame 16:9, no black bars, no text.",fashion|minimal|workwear,morning,any,any,timely,buy,Champagne-and-sage tailoring is having a quiet moment in the city's creative offices.,Your wardrobe leans sharp and minimal — this desk-to-dinner look fits.,"Champagne silk and sage tailoring — your exact palette, your work register."
c144,Fashion,Outerwear,A trench that does the talking.,"Tan faux-leather, sharp lines — the layer that makes monsoon intentional.",shop,content/images/c144.jpg,"An editorial photo of a stylish woman in a sharp tan faux-leather trench coat on a bright city street, contemporary minimalist outerwear, sophisticated Bright, vibrant, high-resolution editorial photograph, vivid natural colour, well-lit and airy, subject in sharp focus, full-frame 16:9, no black bars, no text.",fashion|minimal,any,rainy,monsoon,evergreen,buy,A tan trench is the smart answer to a Bangalore monsoon.,You'd reach for this — a layer that makes rain look intentional.,"Tan faux-leather, sharp lines — the Karl Lagerfeld-leaning layer you favour."
c145,Fashion,Evening,An off-white cocktail column.,"Satin, sculpted, quietly commanding — for the openings and the dinners after.",shop,content/images/c145.jpg,"An editorial photo of a poised woman in an off-white satin column cocktail dress at an upscale evening event, soft elegant lighting, refined minimalist Bright, vibrant, high-resolution editorial photograph, vivid natural colour, well-lit and airy, subject in sharp focus, full-frame 16:9, no black bars, no text.",fashion|minimal|occasion,evening,any,any,evergreen,buy,Cocktail season means the city's dressing up — this is the column to own.,For your dressed-up evenings — quietly commanding.,An off-white satin column for the openings and cocktails you actually attend.
c146,Fashion,Activewear,"Studio-to-street, sculpted.",Nike pieces in sage and black that look as good leaving the mat as on it.,shop,content/images/c146.jpg,"An editorial photo of an athletic woman in sleek sculpted sage-and-black activewear walking out of a yoga studio onto a bright city street, athletic chic Bright, vibrant, high-resolution editorial photograph, vivid natural colour, well-lit and airy, subject in sharp focus, full-frame 16:9, no black bars, no text.",fashion|fitness|activewear,any,any,any,timely,buy,Studio-to-street activewear is how the city's fit set dresses now.,You move and you dress well — this bridges both.,"Sculpted Nike in sage and black — your activewear, trending up in your profile."
c147,Fashion,Footwear,"Metallic mules, everyday.",Silver and nude — the pair that lifts jeans and tailoring alike.,shop,content/images/c147.jpg,"An editorial photo of a woman wearing elegant metallic-silver mules with cropped trousers, bright minimalist studio, sophisticated footwear Bright, vibrant, high-resolution editorial photograph, vivid natural colour, well-lit and airy, subject in sharp focus, full-frame 16:9, no black bars, no text.",fashion|minimal,any,any,any,evergreen,buy,Metallic mules are the season's quiet upgrade to any outfit.,"An easy lift for jeans or tailoring — understated, never loud.",Metallic-silver mules — the elevated everyday pair your looks ask for.
c148,Fashion,Accessories,"Gold and pearl, timeless.","Pieces light enough to never take off — classic, never loud.",shop,content/images/c148.jpg,"An editorial photo of a woman wearing delicate timeless gold and pearl jewellery, warm glowing skin, bright soft light, refined elegant Bright, vibrant, high-resolution editorial photograph, vivid natural colour, well-lit and airy, subject in sharp focus, full-frame 16:9, no black bars, no text.",fashion|minimal,any,any,any,evergreen,buy,"Light, wear-everyday gold is everywhere in the city's boutiques.",You lean understated — pieces you'd never take off.,"Timeless gold and pearl — classic, refined, exactly your accessory line."
c149,Fashion,Knitwear,The cashmere edit.,NAADAM-soft layers in off-white and mocha — quiet luxury you live in.,shop,content/images/c149.jpg,"An editorial photo of a woman in a soft off-white cashmere sweater, bright airy minimalist setting, cosy quiet-luxury knitwear Bright, vibrant, high-resolution editorial photograph, vivid natural colour, well-lit and airy, subject in sharp focus, full-frame 16:9, no black bars, no text.",fashion|minimal,any,any,winter,evergreen,buy,Cashmere season's here — soft layering done the quiet-luxury way.,"Soft, considered layers for the cooler evenings.",NAADAM-soft cashmere in off-white — quiet luxury you live in.
c150,Food,Fine dining,A degustation worth dressing for.,A ten-seat chef's table — the dinner you plan a week around.,content,content/images/c150.jpg,"An intimate fine-dining chef's table, an elegant artful plated course, warm refined restaurant, bright vivid premium gastronomy Bright, vibrant, high-resolution editorial photograph, vivid natural colour, well-lit and airy, subject in sharp focus, full-frame 16:9, no black bars, no text.",food|fine,evening,any,any,timely,book,Ten-seat chef's tables are the city's hardest reservation — worth it.,Your dinners run special — this is one to plan a week around.,"A degustation worth dressing for — fine dining is your default, after all."
c151,Food,Café,A design-led brunch.,"Specialty coffee, natural light, the upscale slow morning you favour.",content,content/images/c151.jpg,"A bright stylish upscale brunch café with abundant natural light, a beautifully plated brunch and specialty coffee, refined minimalist interior Bright, vibrant, high-resolution editorial photograph, vivid natural colour, well-lit and airy, subject in sharp focus, full-frame 16:9, no black bars, no text.",food|cafes|calm,morning,any,any,evergreen,book,Design-led brunch is the city's upscale slow morning.,"Your slow mornings deserve this — light, specialty coffee, calm.","A design-led brunch — the refined, sunlit morning you favour."
c152,Culture,Gallery,A new contemporary show.,Abstract works opening this week — your kind of slow Saturday.,content,content/images/c152.jpg,"A bright contemporary art gallery with large vivid abstract canvases, refined visitors admiring art, soft daylight, cultured atmosphere Bright, vibrant, high-resolution editorial photograph, vivid natural colour, well-lit and airy, subject in sharp focus, full-frame 16:9, no black bars, no text.",culture|calm,afternoon,any,any,evergreen,plan,A new abstract show is the city's best slow-Saturday plan.,You like a cultured afternoon — this opening's the one.,Abstract works opening this week — your gallery-Saturday default.
c153,Wellness,Yoga,A boutique sunrise flow.,A small-class studio that matches your morning rhythm.,content,content/images/c153.jpg,"A bright serene boutique yoga studio, a woman in an elegant flow pose, warm natural morning light, plants, premium wellness Bright, vibrant, high-resolution editorial photograph, vivid natural colour, well-lit and airy, subject in sharp focus, full-frame 16:9, no black bars, no text.",wellness|calm|fitness,morning,clear,any,evergreen,book,Boutique sunrise yoga is the calmest start the city offers.,Calm mornings suit you — a small-class flow to match.,A boutique sunrise flow — fits your yoga-and-running rhythm exactly.
c154,Wellness,Running,A scenic city run.,A lake-loop route for the mornings you'd rather move than scroll.,content,content/images/c154.jpg,"A bright morning run along a scenic tree-lined Bangalore lake path, vivid green, a woman running, fresh energetic golden light Bright, vibrant, high-resolution editorial photograph, vivid natural colour, well-lit and airy, subject in sharp focus, full-frame 16:9, no black bars, no text.",wellness|fitness,morning,clear,any,evergreen,plan,The city's lake-loop runs are the morning everyone's chasing.,For the mornings you'd rather move — a scenic route.,"A scenic lake-loop run — your running streak, with a view."
c155,Lifestyle,Music,Pick the ukulele back up.,"A bright corner, twenty minutes, the song you keep meaning to learn.",content,content/images/c155.jpg,"A bright airy living-room corner with a ukulele resting on a chair by a sunlit window, plants, warm inviting creative mood Bright, vibrant, high-resolution editorial photograph, vivid natural colour, well-lit and airy, subject in sharp focus, full-frame 16:9, no black bars, no text.",music|make|calm,evening,any,any,evergreen,learn,Picking up an instrument is the city's favourite slow hobby.,"For your calm, creative side — twenty minutes and a song.",The ukulele you keep meaning to play — a bright-corner creative reset.
c156,Travel,Luxury,An urban-luxe weekend.,"A design hotel two hours out — quiet, premium, no itinerary needed.",content,content/images/c156.jpg,"A bright luxurious design-hotel suite with a view, elegant minimalist interior, warm golden light, premium serene getaway Bright, vibrant, high-resolution editorial photograph, vivid natural colour, well-lit and airy, subject in sharp focus, full-frame 16:9, no black bars, no text.",travel|calm|luxury,any,any,any,evergreen,book,Design hotels two hours out are the city's quiet-luxury escape.,You've eyed premium getaways — this is the no-itinerary one.,"An urban-luxe design hotel — premium and quiet, your travel brief."
c157,Travel,City break,A culture-led city escape.,"Galleries, design hotels, long lunches — a city, done your way.",content,content/images/c157.jpg,"A bright stylish boutique city-hotel and gallery district, vivid daylight, elegant urban travel scene, aspirational Bright, vibrant, high-resolution editorial photograph, vivid natural colour, well-lit and airy, subject in sharp focus, full-frame 16:9, no black bars, no text.",travel|culture|luxury,any,any,any,evergreen,plan,Culture-led city breaks are the considered traveller's weekend.,Galleries and long lunches — a city done your way.,"A culture-led city escape — galleries, design hotels, your exact trip."
c158,Beauty,Skincare,A dewy-glow routine.,"Built for warm undertones and the humidity — radiant, five steps.",content,content/images/c158.jpg,"A bright clean flat-lay of premium minimalist skincare on a marble surface, soft daylight, vivid fresh luxurious Bright, vibrant, high-resolution editorial photograph, vivid natural colour, well-lit and airy, subject in sharp focus, full-frame 16:9, no black bars, no text.",beauty|wellness|minimal,any,rainy,monsoon,evergreen,learn,Monsoon skin needs a rethink — this dewy routine is the fix.,"A simple upgrade — radiant skin, built for the humidity.","A dewy-glow routine for your warm undertones — premium, five steps."
c159,Home,Decor,Quiet-luxury at home.,"Champagne tones, clean lines, considered objects — minimalism that warms.",content,content/images/c159.jpg,"A bright elegant minimalist living room in champagne and warm neutral tones, refined considered decor, soft daylight, quiet-luxury interior Bright, vibrant, high-resolution editorial photograph, vivid natural colour, well-lit and airy, subject in sharp focus, full-frame 16:9, no black bars, no text.",home|calm|minimal,any,any,any,evergreen,inspire,Champagne-toned minimalism is the city's interior of the moment.,"Clean lines, warm tones — a calm room to come home to.","Quiet-luxury interiors in champagne — your minimalist-chic, at home."
c160,Finance,Investing,Buy pieces that hold value.,"The investment mindset, applied to a wardrobe and beyond.",content,content/images/c160.jpg,"A bright sophisticated still life symbolising considered investment, elegant minimalist objects in warm light, premium aspirational Bright, vibrant, high-resolution editorial photograph, vivid natural colour, well-lit and airy, subject in sharp focus, full-frame 16:9, no black bars, no text.",finance|life-goals|minimal,any,any,any,evergreen,learn,Buying things that hold value is the city's quiet money flex.,For the long game — quality over quantity.,"Investment-piece thinking — exactly how you already shop, applied wider."
c161,Fashion,Smart casual,The smart-casual capsule.,"Beige chinos, an ecru shirt, one jacket — Monday to Friday, sorted.",shop,content/images/c161.jpg,"An editorial photo of a stylish man with a medium build in smart-casual beige chinos and a crisp ecru shirt in a modern wood-accented office, refined urban menswear Bright, vibrant, high-resolution editorial photograph, vivid natural colour, well-lit and airy, subject in sharp focus, full-frame 16:9, no black bars, no text.",fashion|minimal|workwear,morning,any,any,timely,buy,"Beige-chino smart-casual is the city's corporate uniform, done right.","This is your lane — beige chinos, ecru shirt, one jacket.","A smart-casual capsule — clean, urbane, the workweek sorted."
c162,Fashion,Menswear,A Rare Rabbit drop.,"Olive overshirt, contemporary cut — the urbanite's new staple.",shop,content/images/c162.jpg,"An editorial street-style photo of a fashionable man in a contemporary olive overshirt and tailored trousers on a modern city street, smart urban menswear Bright, vibrant, high-resolution editorial photograph, vivid natural colour, well-lit and airy, subject in sharp focus, full-frame 16:9, no black bars, no text.",fashion|street|minimal,any,any,any,timely,buy,Rare Rabbit's contemporary cuts are what the city's urbanites are buying.,"Olive overshirt, contemporary cut — squarely your style and brand.",Contemporary olive menswear — the modern-urbanite look.
c163,Fashion,Footwear,"White sneakers, brown boots.",Two pairs that cover every occasion you actually have.,shop,content/images/c163.jpg,"An editorial photo of a man wearing clean white canvas sneakers with chinos, and tan leather Chelsea boots beside, bright urban setting, smart-casual menswear Bright, vibrant, high-resolution editorial photograph, vivid natural colour, well-lit and airy, subject in sharp focus, full-frame 16:9, no black bars, no text.",fashion|minimal|street,any,any,any,evergreen,buy,White sneakers and brown boots cover every occasion the city throws.,Two pairs for every occasion you actually have — your footwear pattern.,"Versatile sneakers and Chelsea boots — smart-casual, sorted."
c164,Fashion,Knitwear,A textured knit polo.,"Blackberrys-clean, breathable, smarter than a tee — for the in-between days.",shop,content/images/c164.jpg,"An editorial photo of a man in a textured knit polo in off-white, modern wood-accented interior, refined smart-casual menswear Bright, vibrant, high-resolution editorial photograph, vivid natural colour, well-lit and airy, subject in sharp focus, full-frame 16:9, no black bars, no text.",fashion|minimal|workwear,any,any,any,evergreen,buy,A textured knit polo is the smart answer to a tee.,"Blackberrys-clean, breathable — smarter than a tee, your brand too.",A textured knit polo — considered smart-casual for the in-between.
c165,Fashion,Outerwear,A khaki linen overshirt.,"The layer for Bangalore's almost-cool evenings — light, easy, sharp.",shop,content/images/c165.jpg,"An editorial photo of a man in a lightweight khaki linen overshirt over a tee on a modern city street at golden hour, smart-casual menswear Bright, vibrant, high-resolution editorial photograph, vivid natural colour, well-lit and airy, subject in sharp focus, full-frame 16:9, no black bars, no text.",fashion|minimal|street,evening,any,any,evergreen,buy,A light overshirt is built for Bangalore's almost-cool evenings.,"The layer for the in-between weather — khaki, easy, your palette.",A khaki linen overshirt — the considered evening layer.
c166,Fashion,Accessories,Minimalist leather goods.,"A clean wallet and belt, bronze hardware — quiet detail that lasts.",shop,content/images/c166.jpg,"A bright clean product-in-use shot of minimalist leather accessories with bronze-toned hardware, modern wood surface, refined menswear detail Bright, vibrant, high-resolution editorial photograph, vivid natural colour, well-lit and airy, subject in sharp focus, full-frame 16:9, no black bars, no text.",fashion|minimal,any,any,any,evergreen,buy,Minimal leather goods with bronze hardware are quietly everywhere.,"Clean wallet and belt, bronze hardware — your accessory style exactly.","Minimalist leather, bronze hardware — quiet detail that lasts."
c167,Tech,Gadgets,The desk-setup upgrade.,"A mechanical keyboard and monitor arm — small changes, all-day payoff.",content,content/images/c167.jpg,"A bright modern minimalist tech desk setup with a sleek monitor, mechanical keyboard and warm wood accents, sunlit vivid clean workspace Bright, vibrant, high-resolution editorial photograph, vivid natural colour, well-lit and airy, subject in sharp focus, full-frame 16:9, no black bars, no text.",tech|productivity|home,any,any,any,timely,buy,A clean desk setup is the city's WFH productivity flex.,You're into tech — a keyboard and monitor arm with all-day payoff.,"A considered desk upgrade — small changes, all-day focus."
c168,Tech,Wearable,A watch for a corporate week.,"Notifications, workouts, days of battery — flush with a shirt cuff.",content,content/images/c168.jpg,"A bright product shot of a man's wrist wearing a sleek modern smartwatch, office-casual sleeve, vivid clean tech aesthetic Bright, vibrant, high-resolution editorial photograph, vivid natural colour, well-lit and airy, subject in sharp focus, full-frame 16:9, no black bars, no text.",tech|fitness,any,any,any,evergreen,buy,The right everyday watch survives a full corporate week.,"For your tech streak — workouts, notifications, days of battery.",A smartwatch tuned to a corporate week — function over flash.
c169,Tech,Audio,"Focus, on demand.",Noise-cancelling over-ears that turn an open office into a booth.,content,content/images/c169.jpg,"A bright clean product shot of premium over-ear headphones on a modern wood desk, minimalist tech, vivid Bright, vibrant, high-resolution editorial photograph, vivid natural colour, well-lit and airy, subject in sharp focus, full-frame 16:9, no black bars, no text.",tech|music|productivity,any,any,any,evergreen,buy,Noise-cancelling over-ears turn an open office into a focus booth.,For deep-focus days — the headphones that do the heavy lifting.,"Premium noise-cancelling — your open office, silenced."
c170,Tech,AI tools,"Get an hour back, daily.",Three tools the city's tech crowd uses to kill the busywork.,content,content/images/c170.jpg,"A bright modern desk with a glowing laptop showing a clean AI assistant interface, vivid violet accents, futuristic calm productive Bright, vibrant, high-resolution editorial photograph, vivid natural colour, well-lit and airy, subject in sharp focus, full-frame 16:9, no black bars, no text.",tech|productivity,any,any,any,evergreen,learn,The city's tech crowd is quietly automating the busywork.,Right up your alley — three tools that give back an hour a day.,AI tools that kill busywork — the efficiency a tech mind appreciates.
c171,Food,Work café,A wood-accent work café.,"Fast wifi, a good flat white, the room you actually focus in.",content,content/images/c171.jpg,"A bright stylish urban café with warm wood accents and natural light, a flat white on a table, modern productive work-café vibe Bright, vibrant, high-resolution editorial photograph, vivid natural colour, well-lit and airy, subject in sharp focus, full-frame 16:9, no black bars, no text.",food|cafes|productivity,morning,any,any,evergreen,book,Wood-accented work cafés are where the city actually gets things done.,"Fast wifi, good flat white — the wood-accent room you focus in.",A wood-accent work café — your kind of productive morning.
c172,Social,Rooftop,A rooftop after work.,"Skyline, a cold one, the crew — the no-plan Friday plan.",content,content/images/c172.jpg,"A bright stylish rooftop terrace bar at dusk in the city, skyline view, a relaxed after-work crowd, warm vivid social mood Bright, vibrant, high-resolution editorial photograph, vivid natural colour, well-lit and airy, subject in sharp focus, full-frame 16:9, no black bars, no text.",social|nightlife|food,evening,any,any,timely,book,Rooftop terraces are the city's default Friday — skyline included.,"Your no-plan Friday plan — rooftop, skyline, the crew.","A rooftop after work — easy, social, the city laid out below."
c173,Entertainment,Meetup,A product-and-design meetup.,Where the city's tech crowd actually talks shop — and stays for drinks.,content,content/images/c173.jpg,"A bright modern tech meetup in a wood-accented venue, engaged young professionals networking, vivid warm social-professional energy Bright, vibrant, high-resolution editorial photograph, vivid natural colour, well-lit and airy, subject in sharp focus, full-frame 16:9, no black bars, no text.",tech|social|entertainment,evening,any,any,timely,book,Product-and-design meetups are where the city's tech crowd really talks shop.,"Your scene — talk shop, stay for drinks.","A product-and-design meetup — networked and social, on-brand for you."
c174,Culture,Event,An urban cultural night.,"A gig, a popup, a screening — the city after dark, done well.",content,content/images/c174.jpg,"A bright vibrant urban cultural event in the city at night, warm lights, an engaged crowd, vivid lively cultural atmosphere Bright, vibrant, high-resolution editorial photograph, vivid natural colour, well-lit and airy, subject in sharp focus, full-frame 16:9, no black bars, no text.",culture|social|entertainment,evening,any,any,evergreen,plan,"The city after dark — a gig, a popup, a screening — done well.",An urban cultural night — exactly the kind of outing you save.,"An urban cultural night — the city after dark, your scene."
c175,Culture,Festival,Rama Navami at the temple.,"The city in celebration — lights, crowds, a moment worth showing up for.",content,content/images/c175.jpg,"A bright vivid South Indian temple during a festival, warm decorative lights and marigolds, joyful celebratory crowd, luminous Bright, vibrant, high-resolution editorial photograph, vivid natural colour, well-lit and airy, subject in sharp focus, full-frame 16:9, no black bars, no text.",culture|heritage|family,any,any,festive,timely,plan,Festival season lights the whole city up — worth showing up for.,Rama Navami at the temple — a moment from your own calendar.,Rama Navami at the temple — the celebration that matters to you.
c176,Home,WFH,A wood-accent WFH corner.,"Warm tones, clean lines — a desk that makes the day feel handled.",content,content/images/c176.jpg,"A bright modern work-from-home corner with warm wood accents, a clean desk and a plant by a sunlit window, minimalist vivid Bright, vibrant, high-resolution editorial photograph, vivid natural colour, well-lit and airy, subject in sharp focus, full-frame 16:9, no black bars, no text.",home|tech|productivity,any,any,any,evergreen,inspire,Warm-wood home offices are the city's WFH upgrade of choice.,"A desk that makes the day feel handled — warm wood, your taste.","A wood-accent WFH corner — calm, focused, well-designed."
c177,Productivity,Career,A skill that compounds.,The weekend course the corporate crowd is quietly taking to get ahead.,content,content/images/c177.jpg,"A bright modern co-working space, a focused professional at a laptop, sunlit wood-accented interior, aspirational career mood Bright, vibrant, high-resolution editorial photograph, vivid natural colour, well-lit and airy, subject in sharp focus, full-frame 16:9, no black bars, no text.",productivity|tech|life-goals,any,any,any,evergreen,learn,Weekend upskilling is the corporate crowd's quiet edge.,For getting ahead — a course that compounds.,A skill that compounds — the weekend course worth the time.
c178,Fashion,Styling,Build a 10-piece capsule.,"Fewer, better menswear pieces that mix into a month of looks.",content,content/images/c178.jpg,"A bright flat-lay of a curated minimalist menswear capsule in beige, olive and white, clean modern styling, vivid editorial Bright, vibrant, high-resolution editorial photograph, vivid natural colour, well-lit and airy, subject in sharp focus, full-frame 16:9, no black bars, no text.",fashion|minimal|life-goals,any,any,any,evergreen,learn,A tight men's capsule is the city's antidote to overshopping.,"Fewer, better pieces that mix — built for how you actually dress.","A 10-piece capsule — considered menswear, maximum mileage."
